"date","H1","ph1","H2","ph2","H10","ph10","H20","ph20","Hb","phb"
2021-12-14,3.52567419062873,"0",3.38933962986407,"0",3.06826872883347,"0",3.06826872883347,"0",4.51711184310323,"0"
2021-12-15,3.52567408263949,"1",3.38935072073141,"1",3.06827301556119,"1",3.06827301556119,"1",4.51711846636137,"1"
2021-12-16,3.52567583375153,"1",3.38937948014409,"1",3.06828780961132,"1",3.06828780961132,"1",4.5171395834175,"1"
2021-12-17,3.52568185191743,"1",3.38937431218557,"1",3.0682879142856,"1",3.0682879142856,"1",4.51713988218555,"1"
2021-12-20,3.52568165765395,"1",3.3893826749707,"1",3.06829436522594,"1",3.06829436522594,"1",4.51714788107953,"1"
2021-12-21,3.52568406981278,"1",3.38938626045732,"1",3.06829889341378,"1",3.06829889341378,"1",4.51715355795759,"1"
2021-12-22,3.52568564456381,"1",3.38940812472695,"1",3.06831271795131,"1",3.06831271795131,"1",4.51717209690246,"1"
2021-12-23,3.52569099492326,"1",3.38938853414886,"1",3.06830741901515,"1",3.06830741901515,"1",4.51716375337978,"1"
2021-12-24,3.52568831380154,"1",3.3893847875282,"1",3.06830857505462,"1",3.06830857505462,"1",4.51716332871944,"1"
2021-12-27,3.52568838498935,"1",3.38937498342641,"1",3.06830645791761,"1",3.06830645791761,"1",4.51715904312095,"1"
2021-12-28,3.52568712744883,"1",3.3893716660079,"1",3.06830683711439,"1",3.06830683711439,"1",4.51715832306357,"1"
2021-12-29,3.52568693014201,"1",3.38935267734449,"1",3.0682991625629,"1",3.0682991625629,"1",4.51714657765815,"1"
2021-12-30,3.52568340330141,"1",3.38935623124732,"1",3.06830142597199,"1",3.06830142597199,"1",4.5171487157407,"1"
2021-12-31,3.52568409887218,"1",3.3893359644278,"1",3.06829219800855,"1",3.06829219800855,"1",4.51713541659478,"1"
2022-01-03,3.52568003146934,"1",3.38936989319706,"1",3.0683083643193,"1",3.0683083643193,"1",4.51715767321873,"1"
2022-01-04,3.52568662462161,"1",3.38935438003222,"1",3.06830228753591,"1",3.06830228753591,"1",4.51714984976985,"1"
2022-01-05,3.52568381806709,"1",3.38936578589787,"1",3.06830842909993,"1",3.06830842909993,"1",4.51715765871975,"1"
2022-01-06,3.52568610500048,"1",3.38939552610941,"1",3.0683243794977,"1",3.0683243794977,"1",4.517180221934,"1"
2022-01-07,3.525692349928,"1",3.38938615924842,"1",3.06832301400525,"1",3.06832301400525,"1",4.51717820082368,"1"
2022-01-10,3.52569131037013,"1",3.38936263878434,"1",3.06831403447222,"1",3.06831403447222,"1",4.51716396102876,"1"
2022-01-11,3.52568715697302,"1",3.3893652974614,"1",3.0683163498498,"1",3.0683163498498,"1",4.51716578974695,"1"
2022-01-12,3.52568780131917,"1",3.38936393807247,"1",3.06831683864753,"1",3.06831683864753,"1",4.51716608174421,"1"
2022-01-13,3.52568767911116,"1",3.38937121465835,"1",3.06832147538086,"1",3.06832147538086,"1",4.51717213320867,"1"
2022-01-14,3.52568927280813,"1",3.38935270101045,"1",3.0683138750216,"1",3.0683138750216,"1",4.51716099122079,"1"
2022-01-17,3.52568578762848,"1",3.38936340604701,"1",3.06831941184937,"1",3.06831941184937,"1",4.51716790582419,"1"
2022-01-18,3.52568779851987,"1",3.38935469747109,"1",3.06831612043719,"1",3.06831612043719,"1",4.51716322893224,"1"
2022-01-19,3.52568613227945,"1",3.38935752769844,"1",3.06831791018511,"1",3.06831791018511,"1",4.51716518860694,"1"
2022-01-20,3.52568662144831,"1",3.38934990766929,"1",3.06831471720516,"1",3.06831471720516,"1",4.51716050242709,"1"
2022-01-21,3.52568504764846,"1",3.38934414183749,"1",3.06831193938957,"1",3.06831193938957,"1",4.51715615809895,"1"
2022-01-24,3.52568368515589,"1",3.38932855009534,"1",3.06830388532134,"1",3.06830388532134,"1",4.51714458072932,"1"
2022-01-25,3.52568020506503,"1",3.38934208012351,"1",3.06830919977666,"1",3.06830919977666,"1",4.51715195225162,"1"
2022-01-26,3.52568231555394,"1",3.38934182997259,"1",3.06830864898408,"1",3.06830864898408,"1",4.51715187153053,"1"
2022-01-27,3.52568196776114,"1",3.3893429589672,"1",3.06830876400048,"1",3.06830876400048,"1",4.51715216379133,"1"
2022-01-28,3.52568190524645,"1",3.38934540495053,"1",3.068309597379,"1",3.068309597379,"1",4.51715350987509,"1"
2022-01-31,3.52568213961004,"1",3.38935036492224,"1",3.06831182340616,"1",3.06831182340616,"1",4.5171568294035,"1"
2022-02-01,3.52568293273084,"1",3.38935142730274,"1",3.06831246907953,"1",3.06831246907953,"1",4.51715787439214,"1"
2022-02-02,3.52568308874917,"1",3.38935215276161,"1",3.06831307872147,"1",3.06831307872147,"1",4.51715865610844,"1"
2022-02-03,3.52568319666232,"1",3.38933575772697,"1",3.06830544202845,"1",3.06830544202845,"1",4.51714762890283,"1"
2022-02-04,3.52567985911973,"1",3.38934535804096,"1",3.06830940448635,"1",3.06830940448635,"1",4.51715283539329,"1"
2022-02-07,3.52568143262599,"1",3.38937486652401,"1",3.0683235627568,"1",3.0683235627568,"1",4.51717348821649,"1"
2022-02-08,3.52568721923809,"1",3.3893806228415,"1",3.06832818121986,"1",3.06832818121986,"1",4.51718055577376,"1"
2022-02-09,3.52568877751011,"1",3.38936798296938,"1",3.06832421836089,"1",3.06832421836089,"1",4.51717421429534,"1"
2022-02-10,3.52568681629285,"1",3.38937084874758,"1",3.06832693895814,"1",3.06832693895814,"1",4.51717698957433,"1"
2022-02-11,3.52568770465122,"1",3.38932901644861,"1",3.06830782469473,"1",3.06830782469473,"1",4.51714934709571,"1"
2022-02-14,3.52567944276135,"1",3.3893355871474,"1",3.06830972107829,"1",3.06830972107829,"1",4.51715073493961,"1"
2022-02-15,3.52568022349697,"1",3.38933379070241,"1",3.06830792276989,"1",3.06830792276989,"1",4.517148802115,"1"
2022-02-16,3.52567945964189,"1",3.38936480393052,"1",3.06832219481815,"1",3.06832219481815,"1",4.51716936605331,"1"
2022-02-17,3.52568531306387,"1",3.38936715246232,"1",3.06832437532113,"1",3.06832437532113,"1",4.51717335086079,"1"
2022-02-18,3.52568603622546,"1",3.38935012573563,"1",3.06831717389983,"1",3.06831717389983,"1",4.51716272972853,"1"
2022-02-21,3.52568287434541,"1",3.38934991156703,"1",3.06831710282566,"1",3.06831710282566,"1",4.5171618678873,"1"
2022-02-22,3.52568274938925,"1",3.38937041903557,"1",3.06832720275019,"1",3.06832720275019,"1",4.51717617927338,"1"
2022-02-23,3.5256867871022,"1",3.38936756923626,"1",3.06832716057985,"1",3.06832716057985,"1",4.51717641925522,"1"
2022-02-24,3.52568656156004,"1",3.38936008799674,"1",3.06832463652409,"1",3.06832463652409,"1",4.51717222747489,"1"
2022-02-25,3.5256853203546,"1",3.3893828277244,"1",3.06833655095408,"1",3.06833655095408,"1",4.5171885105563,"1"
2022-02-28,3.5256900636608,"1",3.3893976596936,"1",3.06834599779727,"1",3.06834599779727,"1",4.51720201679435,"1"
2022-03-01,3.52569363260445,"1",3.38940519543972,"1",3.06835274170912,"1",3.06835274170912,"1",4.51721098294419,"1"
2022-03-02,3.52569602043594,"1",3.38939635530734,"1",3.06835190051641,"1",3.06835190051641,"1",4.51720867147999,"1"
2022-03-03,3.52569521212917,"1",3.38939640344114,"1",3.06835481184752,"1",3.06835481184752,"1",4.51721123442733,"1"
2022-03-04,3.52569598043381,"1",3.38938570238074,"1",3.06835237886861,"1",3.06835237886861,"1",4.51720660431102,"1"
2022-03-07,3.52569453228074,"1",3.3893627388605,"1",3.06834318147624,"1",3.06834318147624,"1",4.51719219426231,"1"
2022-03-08,3.52569037330313,"1",3.3893450138024,"1",3.06833508201099,"1",3.06833508201099,"1",4.51717941339807,"1"
2022-03-09,3.52568675267735,"1",3.38934835032911,"1",3.06833611285273,"1",3.06833611285273,"1",4.51718031736725,"1"
2022-03-10,3.5256870205291,"1",3.38935894350155,"1",3.0683409380433,"1",3.0683409380433,"1",4.51718741906638,"1"
2022-03-11,3.52568883558518,"1",3.38932549798819,"1",3.0683248664088,"1",3.0683248664088,"1",4.51716483507116,"1"
2022-03-14,3.5256819811916,"1",3.38932599354873,"1",3.06832322112896,"1",3.06832322112896,"1",4.51716178831369,"1"
2022-03-15,3.52568130311142,"1",3.38937951326776,"1",3.06834757598842,"1",3.06834757598842,"1",4.51719716781474,"1"
2022-03-16,3.52569144446593,"1",3.38936710660341,"1",3.06834314070059,"1",3.06834314070059,"1",4.51719245722282,"1"
2022-03-17,3.52568932026008,"1",3.38936818024025,"1",3.06834455160988,"1",3.06834455160988,"1",4.51719353867693,"1"
2022-03-18,3.52568968225675,"1",3.38936633052538,"1",3.06834457245382,"1",3.06834457245382,"1",4.51719320801954,"1"
2022-03-21,3.52568946331889,"1",3.38937718493683,"1",3.06835072509262,"1",3.06835072509262,"1",4.51720150682148,"1"
2022-03-22,3.52569179885634,"1",3.38936841989843,"1",3.06834788725259,"1",3.06834788725259,"1",4.51719732025495,"1"
2022-03-23,3.52569035173177,"1",3.38940151644867,"1",3.06836499372177,"1",3.06836499372177,"1",4.51722088333825,"1"
2022-03-24,3.52569711760303,"1",3.38937879694078,"1",3.06835689228906,"1",3.06835689228906,"1",4.51720949695443,"1"
2022-03-25,3.52569334247987,"1",3.38939403154212,"1",3.06836592146833,"1",3.06836592146833,"1",4.51722069893759,"1"
2022-03-28,3.52569674101683,"1",3.38938698110009,"1",3.06836493960373,"1",3.06836493960373,"1",4.5172189143497,"1"
2022-03-29,3.52569592672453,"1",3.38939186457133,"1",3.06836930794466,"1",3.06836930794466,"1",4.51722398661743,"1"
2022-03-30,3.52569729979529,"1",3.38938358872078,"1",3.06836752648174,"1",3.06836752648174,"1",4.51722068352662,"1"
2022-03-31,3.52569614673411,"1",3.38938074921992,"1",3.06836785621903,"1",3.06836785621903,"1",4.51722005401503,"1"
2022-04-01,3.52569591407524,"1",3.38935946535176,"1",3.06835880639093,"1",3.06835880639093,"1",4.51720646461685,"1"
2022-04-04,3.52569182193521,"1",3.38936452584531,"1",3.06836137002044,"1",3.06836137002044,"1",4.51720910708159,"1"
2022-04-05,3.5256926355371,"1",3.38936163836061,"1",3.0683603501222,"1",3.0683603501222,"1",4.51720765822399,"1"
2022-04-06,3.52569196084667,"1",3.38935240784425,"1",3.06835595642219,"1",3.06835595642219,"1",4.51720118795934,"1"
2022-04-07,3.52568993704734,"1",3.38934638446004,"1",3.06835261904201,"1",3.06835261904201,"1",4.51719615002978,"1"
2022-04-08,3.5256883986096,"1",3.38933922513491,"1",3.06834831417251,"1",3.06834831417251,"1",4.51719004772391,"1"
2022-04-11,3.525686504055,"1",3.38934867661527,"1",3.06835173044317,"1",3.06835173044317,"1",4.51719504452072,"1"
2022-04-12,3.52568787000614,"1",3.38933937100333,"1",3.0683464893084,"1",3.0683464893084,"1",4.5171882389248,"1"
2022-04-13,3.52568557899054,"1",3.38934212043454,"1",3.06834664886158,"1",3.06834664886158,"1",4.51718849712982,"1"
2022-04-14,3.52568560167715,"1",3.38935355160986,"1",3.06835107175513,"1",3.06835107175513,"1",4.51719535952565,"1"
2022-04-15,3.52568739942339,"1",3.38933872538793,"1",3.0683435094503,"1",3.0683435094503,"1",4.51718516963956,"1"
2022-04-18,3.5256842008473,"1",3.3893776237207,"1",3.06836148758092,"1",3.06836148758092,"1",4.51721050733066,"1"
2022-04-19,3.52569149552853,"1",3.38934413834148,"1",3.06834656562337,"1",3.06834656562337,"1",4.51719028692796,"1"
2022-04-20,3.52568517922943,"1",3.38935868099666,"1",3.06835280097719,"1",3.06835280097719,"1",4.51719809639685,"1"
2022-04-21,3.52568782557007,"1",3.38934209177601,"1",3.06834452463587,"1",3.06834452463587,"1",4.51718701872137,"1"
2022-04-22,3.52568434445246,"1",3.38933269796598,"1",3.0683389620183,"1",3.0683389620183,"1",4.51717874832241,"1"
2022-04-25,3.52568206775144,"1",3.38933158822933,"1",3.06833683797089,"1",3.06833683797089,"1",4.51717595051585,"1"
2022-04-26,3.52568127448294,"1",3.38933996304399,"1",3.06833933010298,"1",3.06833933010298,"1",4.51718008274286,"1"
2022-04-27,3.52568240641667,"1",3.3893346608748,"1",3.06833565772331,"1",3.06833565772331,"1",4.51717564214716,"1"
2022-04-28,3.52568096082351,"1",3.38931956742275,"1",3.06832684778323,"1",3.06832684778323,"1",4.51716345064458,"1"
2022-04-29,3.52567742818207,"1",3.38934143771505,"1",3.06833529666719,"1",3.06833529666719,"1",4.51717572558746,"1"
2022-05-02,3.5256811142313,"1",3.38933228689957,"1",3.06832991239922,"1",3.06832991239922,"1",4.51716936790933,"1"
2022-05-03,3.52567900626376,"1",3.38934335741101,"1",3.06833387062943,"1",3.06833387062943,"1",4.51717520608905,"1"
2022-05-04,3.52568080413017,"1",3.38934451329946,"1",3.06833372029829,"1",3.06833372029829,"1",4.51717575997707,"1"
2022-05-05,3.5256808473089,"1",3.38937804347733,"1",3.06834965086653,"1",3.06834965086653,"1",4.51719866857659,"1"
2022-05-06,3.52568744705595,"1",3.38932369330281,"1",3.06832470063781,"1",3.06832470063781,"1",4.51716392709205,"1"
2022-05-09,3.52567704793818,"1",3.38931909661456,"1",3.06832043430841,"1",3.06832043430841,"1",4.5171563781873,"1"
2022-05-10,3.52567551580038,"1",3.38932828521434,"1",3.06832265302042,"1",3.06832265302042,"1",4.5171602705426,"1"
2022-05-11,3.52567669557003,"1",3.38933620699146,"1",3.06832492429846,"1",3.06832492429846,"1",4.51716455265566,"1"
2022-05-12,3.52567783942295,"1",3.38933599580082,"1",3.06832372329811,"1",3.06832372329811,"1",4.5171636411352,"1"
2022-05-13,3.52567751936603,"1",3.38934547222745,"1",3.06832737281285,"1",3.06832737281285,"1",4.5171692341993,"1"
2022-05-16,3.52567922712217,"1",3.38935158570001,"1",3.06832995139427,"1",3.06832995139427,"1",4.51717350427961,"1"
2022-05-17,3.52568045471621,"1",3.38935263222967,"1",3.06833043339223,"1",3.06833043339223,"1",4.51717449368256,"1"
2022-05-18,3.52568073194502,"1",3.38935193559625,"1",3.06833009905234,"1",3.06833009905234,"1",4.51717408004623,"1"
2022-05-19,3.52568068091202,"1",3.38934943160444,"1",3.06832882140543,"1",3.06832882140543,"1",4.51717227515071,"1"
2022-05-20,3.52568024489843,"1",3.38935299912302,"1",3.06833035969525,"1",3.06833035969525,"1",4.51717446125769,"1"
2022-05-23,3.52568096713718,"1",3.38934704192291,"1",3.06832749345667,"1",3.06832749345667,"1",4.51717052920358,"1"
2022-05-24,3.52567989179186,"1",3.3893422629828,"1",3.06832485581458,"1",3.06832485581458,"1",4.51716666662284,"1"
2022-05-25,3.5256788632573,"1",3.38934080217377,"1",3.06832342219384,"1",3.06832342219384,"1",4.51716473029385,"1"
2022-05-26,3.52567840772322,"1",3.38934495448219,"1",3.06832472164955,"1",3.06832472164955,"1",4.51716682455815,"1"
2022-05-27,3.52567908482597,"1",3.38932938180997,"1",3.0683166458317,"1",3.0683166458317,"1",4.51715571142442,"1"
2022-05-30,3.5256760098392,"1",3.38933367213545,"1",3.0683172441507,"1",3.0683172441507,"1",4.51715656108549,"1"
2022-05-31,3.52567650658408,"1",3.38935423835244,"1",3.06832735225281,"1",3.06832735225281,"1",4.51717104038757,"1"
2022-06-01,3.5256806026898,"1",3.38933973112935,"1",3.06832077074837,"1",3.06832077074837,"1",4.51716239049938,"1"
2022-06-02,3.52567793601997,"1",3.38932396441509,"1",3.06831215313523,"1",3.06831215313523,"1",4.51714993410424,"1"
2022-06-03,3.52567458317274,"1",3.38933774225788,"1",3.06831705838011,"1",3.06831705838011,"1",4.51715700853516,"1"
2022-06-06,3.52567696213704,"1",3.3893419794862,"1",3.06831835269678,"1",3.06831835269678,"1",4.5171597853468,"1"
2022-06-07,3.52567761924451,"1",3.38934927696829,"1",3.06832112175617,"1",3.06832112175617,"1",4.51716426622224,"1"
2022-06-08,3.52567894915665,"1",3.38930544837863,"1",3.06829885484133,"1",3.06829885484133,"1",4.51713328846368,"1"
2022-06-09,3.5256699781212,"1",3.3892975773201,"1",3.06829214345389,"1",3.06829214345389,"1",4.51712300205371,"1"
2022-06-10,3.52566755044079,"1",3.38930538068694,"1",3.06829256461899,"1",3.06829256461899,"1",4.5171246644373,"1"
2022-06-13,3.52566815953124,"1",3.38924537526501,"1",3.06826064765178,"1",3.06826064765178,"1",4.51708061951084,"1"
2022-06-14,3.52565561508923,"1",3.38926153556248,"1",3.06826183201587,"1",3.06826183201587,"1",4.5170825863276,"1"
2022-06-15,3.52565688082469,"1",3.38927904104821,"1",3.06826488657108,"1",3.06826488657108,"1",4.51708988290114,"1"
2022-06-16,3.52565886991434,"1",3.38930817692842,"1",3.06827494349445,"1",3.06827494349445,"1",4.51710668313766,"1"
2022-06-17,3.52566367486696,"1",3.3893109226089,"1",3.06827391051961,"1",3.06827391051961,"1",4.51710748809059,"1"
2022-06-20,3.52566375293218,"1",3.38932008961317,"1",3.06827625699607,"1",3.06827625699607,"1",4.51711187481951,"1"
2022-06-21,3.52566520192096,"1",3.38931835603416,"1",3.06827390765838,"1",3.06827390765838,"1",4.51710959517233,"1"
2022-06-22,3.52566465785827,"1",3.38932506041865,"1",3.06827560983198,"1",3.06827560983198,"1",4.51711264877298,"1"
2022-06-23,3.52566580939258,"1",3.38932151912832,"1",3.06827271469834,"1",3.06827271469834,"1",4.51710935941874,"1"
2022-06-24,3.52566502328039,"1",3.38933711905338,"1",3.06827904518342,"1",3.06827904518342,"1",4.51711880952354,"1"
2022-06-27,3.52566806680605,"1",3.38935433602583,"1",3.06828724505243,"1",3.06828724505243,"1",4.5171313026818,"1"
2022-06-28,3.52567176224692,"1",3.38935023266819,"1",3.06828603531671,"1",3.06828603531671,"1",4.51713006729017,"1"
2022-06-29,3.52567147935526,"1",3.38934202681238,"1",3.06828252427518,"1",3.06828252427518,"1",4.51712476183611,"1"
2022-06-30,3.52567025379081,"1",3.38933780967663,"1",3.0682804300733,"1",3.0682804300733,"1",4.51712150798422,"1"
2022-07-01,3.52566964520417,"1",3.38933188425719,"1",3.06827722124608,"1",3.06827722124608,"1",4.51711694741062,"1"
2022-07-04,3.52566858822245,"1",3.38936972571853,"1",3.06829524628334,"1",3.06829524628334,"1",4.51714258468089,"1"
2022-07-05,3.52567628502422,"1",3.38938153042484,"1",3.06830286589817,"1",3.06830286589817,"1",4.51715435264069,"1"
2022-07-06,3.52567948328989,"1",3.38938064354307,"1",3.06830498378781,"1",3.06830498378781,"1",4.51715689152256,"1"
2022-07-07,3.52568032430105,"1",3.38937483353293,"1",3.06830457948694,"1",3.06830457948694,"1",4.51715534077794,"1"
2022-07-08,3.52568009940175,"1",3.38939561598378,"1",3.06831688907543,"1",3.06831688907543,"1",4.51717177447034,"1"
2022-07-11,3.52568510197285,"1",3.38941387736529,"1",3.06832924920417,"1",3.06832924920417,"1",4.51718889299393,"1"
2022-07-12,3.52568994745501,"1",3.38938252974158,"1",3.06831841825331,"1",3.06831841825331,"1",4.51717245222864,"1"
2022-07-13,3.52568510789052,"1",3.38936668031563,"1",3.06831296748364,"1",3.06831296748364,"1",4.51716244732093,"1"
2022-07-14,3.52568267557726,"1",3.38928009111149,"1",3.06827187752599,"1",3.06827187752599,"1",4.51710278778788,"1"
2022-07-15,3.52566552392248,"1",3.38930452981398,"1",3.06827949873801,"1",3.06827949873801,"1",4.51711168131412,"1"
2022-07-18,3.52566904987352,"1",3.3893213108775,"1",3.06828502142216,"1",3.06828502142216,"1",4.51712166401433,"1"
2022-07-19,3.52567171946713,"1",3.38933633783244,"1",3.06829113169206,"1",3.06829113169206,"1",4.51713158546766,"1"
2022-07-20,3.5256743746751,"1",3.3893396390872,"1",3.06829216711552,"1",3.06829216711552,"1",4.51713396311429,"1"
2022-07-21,3.52567492285389,"1",3.38932588163768,"1",3.06828505300088,"1",3.06828505300088,"1",4.51712415277121,"1"
2022-07-22,3.52567209724225,"1",3.38933280209495,"1",3.06828721794433,"1",3.06828721794433,"1",4.51712715589138,"1"
2022-07-25,3.52567317386468,"1",3.38931823582059,"1",3.06827928877165,"1",3.06827928877165,"1",4.51711651189839,"1"
2022-07-26,3.52567005292099,"1",3.3892980871968,"1",3.06826767040452,"1",3.06826767040452,"1",4.51710009065431,"1"
2022-07-27,3.52566554661583,"1",3.3892887273429,"1",3.06826014792491,"1",3.06826014792491,"1",4.51708974104066,"1"
2022-07-28,3.52566282608693,"1",3.38934393672295,"1",3.0682837423637,"1",3.0682837423637,"1",4.51712432130168,"1"
2022-07-29,3.52567291634205,"1",3.38935678896569,"1",3.06829013886909,"1",3.06829013886909,"1",4.51713574751293,"1"
2022-08-01,3.52567570804215,"1",3.38935400406152,"1",3.06828970503569,"1",3.06828970503569,"1",4.51713534052263,"1"
2022-08-02,3.52567558603187,"1",3.38934596607511,"1",3.06828651164421,"1",3.06828651164421,"1",4.5171304116414,"1"
2022-08-03,3.52567433181442,"1",3.3893514515371,"1",3.06828941351284,"1",3.06828941351284,"1",4.51713414092373,"1"
2022-08-04,3.52567562153457,"1",3.38935006621555,"1",3.0682892942495,"1",3.0682892942495,"1",4.51713400609014,"1"
2022-08-05,3.52567562672204,"1",3.38934018653454,"1",3.06828488499965,"1",3.06828488499965,"1",4.51712752841199,"1"
2022-08-08,3.52567387434264,"1",3.38934909153682,"1",3.0682890566786,"1",3.0682890566786,"1",4.51713314146845,"1"
2022-08-09,3.52567568149344,"1",3.38936406271685,"1",3.06829676251033,"1",3.06829676251033,"1",4.51714434944684,"1"
2022-08-10,3.52567892727606,"1",3.38934597343663,"1",3.06828917314953,"1",3.06828917314953,"1",4.51713370672574,"1"
2022-08-11,3.5256757450415,"1",3.38941193815803,"1",3.06832204631067,"1",3.06832204631067,"1",4.51717944949138,"1"
2022-08-12,3.52568920863654,"1",3.38940651462021,"1",3.06832384175894,"1",3.06832384175894,"1",4.51718303352978,"1"
2022-08-15,3.52568959802753,"1",3.38939995491347,"1",3.06832466724743,"1",3.06832466724743,"1",4.51718235816387,"1"
2022-08-16,3.52568958000687,"1",3.38938194601934,"1",3.06831938860607,"1",3.06831938860607,"1",4.51717314216415,"1"
2022-08-17,3.52568704018724,"1",3.38937843566442,"1",3.068319995658,"1",3.068319995658,"1",4.51717228935926,"1"
2022-08-18,3.5256870210334,"1",3.38936315739854,"1",3.06831453581123,"1",3.06831453581123,"1",4.51716354536698,"1"
2022-08-19,3.52568448290017,"1",3.38936912393874,"1",3.06831855155943,"1",3.06831855155943,"1",4.51716813468588,"1"
2022-08-22,3.52568595572989,"1",3.3893375496736,"1",3.06830438870905,"1",3.06830438870905,"1",4.51714770842411,"1"
2022-08-23,3.52567978492686,"1",3.38933769782782,"1",3.06830376381117,"1",3.06830376381117,"1",4.51714570183254,"1"
2022-08-24,3.52567949350003,"1",3.3893536414878,"1",3.06831083615507,"1",3.06831083615507,"1",4.51715604803946,"1"
2022-08-25,3.52568237356602,"1",3.3893511286327,"1",3.06830998942582,"1",3.06830998942582,"1",4.517155337039,"1"
2022-08-26,3.52568191569061,"1",3.38935756759417,"1",3.06831332970179,"1",3.06831332970179,"1",4.51715989122592,"1"
2022-08-29,3.52568318943415,"1",3.38935680529343,"1",3.06831359209026,"1",3.06831359209026,"1",4.5171602587681,"1"
2022-08-30,3.52568315943137,"1",3.38938115748889,"1",3.06832588144117,"1",3.06832588144117,"1",4.5171775597985,"1"
2022-08-31,3.52568815042005,"1",3.38938514727336,"1",3.06833007599583,"1",3.06833007599583,"1",4.51718362484407,"1"
2022-09-01,3.52568960001668,"1",3.38937776413036,"1",3.06832883668876,"1",3.06832883668876,"1",4.51718106057272,"1"
2022-09-02,3.52568877247131,"1",3.38936740175897,"1",3.06832560581644,"1",3.06832560581644,"1",4.51717538298613,"1"
2022-09-05,3.52568715843266,"1",3.38937381530538,"1",3.06832991745854,"1",3.06832991745854,"1",4.51718057381259,"1"
2022-09-06,3.5256886342613,"1",3.38936809879442,"1",3.06832869718284,"1",3.06832869718284,"1",4.51717842605608,"1"
2022-09-07,3.52568785800884,"1",3.38935918417005,"1",3.06832547212412,"1",3.06832547212412,"1",4.51717310689906,"1"
2022-09-08,3.52568624740567,"1",3.38937327558375,"1",3.06833324227456,"1",3.06833324227456,"1",4.51718336358741,"1"
2022-09-09,3.52568933435273,"1",3.38937039950072,"1",3.06833331808216,"1",3.06833331808216,"1",4.51718348463275,"1"
2022-09-12,3.52568908549891,"1",3.38938157276502,"1",3.06834026831115,"1",3.06834026831115,"1",4.5171926026476,"1"
2022-09-13,3.52569196374314,"1",3.38938000853061,"1",3.06834164214048,"1",3.06834164214048,"1",4.51719420592771,"1"
2022-09-14,3.525692126584,"1",3.38927798361936,"1",3.06829580864258,"1",3.06829580864258,"1",4.51712705550792,"1"
2022-09-15,3.52567377954531,"1",3.38928258217142,"1",3.06829333276494,"1",3.06829333276494,"1",4.51712148656168,"1"
2022-09-16,3.52567291558066,"1",3.38927226536044,"1",3.06828354074996,"1",3.06828354074996,"1",4.51710963175058,"1"
2022-09-19,3.52566915690564,"1",3.38928131252871,"1",3.06828287441327,"1",3.06828287441327,"1",4.51711024937967,"1"
2022-09-20,3.5256692275728,"1",3.38928022375733,"1",3.06827834352792,"1",3.06827834352792,"1",4.51710574241163,"1"
2022-09-21,3.52566753341865,"1",3.38927844729653,"1",3.06827262043647,"1",3.06827262043647,"1",4.51709953515472,"1"
2022-09-22,3.52566546673718,"1",3.38921079061554,"1",3.06823416260643,"1",3.06823416260643,"1",4.51704689841536,"1"
2022-09-23,3.52565050384758,"1",3.38923022814469,"1",3.06823486849711,"1",3.06823486849711,"1",4.51704861680285,"1"
2022-09-26,3.52565163073669,"1",3.38924963759386,"1",3.06823696715991,"1",3.06823696715991,"1",4.51705542870649,"1"
2022-09-27,3.52565328365284,"1",3.38926672818241,"1",3.06823929932078,"1",3.06823929932078,"1",4.51706203839289,"1"
2022-09-28,3.5256549787423,"1",3.3892799478524,"1",3.06824095428503,"1",3.06824095428503,"1",4.51706710879436,"1"
2022-09-29,3.52565633265544,"1",3.38929181985306,"1",3.06824289884203,"1",3.06824289884203,"1",4.51707205429371,"1"
2022-09-30,3.52565775034814,"1",3.38930099404806,"1",3.0682443370925,"1",3.0682443370925,"1",4.51707590275568,"1"
2022-10-03,3.52565890622504,"1",3.38931423807034,"1",3.06824840837916,"1",3.06824840837916,"1",4.51708312765806,"1"
2022-10-04,3.52566106765161,"1",3.389328330237,"1",3.06825369593164,"1",3.06825369593164,"1",4.51709193451558,"1"
2022-10-05,3.52566374876319,"1",3.38933921759332,"1",3.06825860336799,"1",3.06825860336799,"1",4.51709975115212,"1"
2022-10-06,3.52566614644789,"1",3.38934600045702,"1",3.06826211411746,"1",3.06826211411746,"1",4.51710521921809,"1"
2022-10-07,3.52566785123142,"1",3.38935027638783,"1",3.06826475992751,"1",3.06826475992751,"1",4.51710911925968,"1"
2022-10-10,3.5256691807672,"1",3.38931745722181,"1",3.06824933664407,"1",3.06824933664407,"1",4.51708717904887,"1"
2022-10-11,3.5256632011971,"1",3.38931885992693,"1",3.06824876838912,"1",3.06824876838912,"1",4.51708556621931,"1"
2022-10-12,3.52566330421671,"1",3.38931320873614,"1",3.06824460266058,"1",3.06824460266058,"1",4.51708033654085,"1"
2022-10-13,3.52566192047698,"1",3.38932685637892,"1",3.06824982253839,"1",3.06824982253839,"1",4.51708814027477,"1"
2022-10-14,3.52566455354834,"1",3.38923404578793,"1",3.06820146239114,"1",3.06820146239114,"1",4.51702136138968,"1"
2022-10-17,3.52564535233704,"1",3.38926199697497,"1",3.06820836342455,"1",3.06820836342455,"1",4.51702992109309,"1"
2022-10-18,3.52564914856032,"1",3.38928123316668,"1",3.06821324790132,"1",3.06821324790132,"1",4.51703994442573,"1"
2022-10-19,3.52565182918938,"1",3.38928422541869,"1",3.0682114789333,"1",3.0682114789333,"1",4.51703961408654,"1"
2022-10-20,3.52565174570114,"1",3.3892922793933,"1",3.06821230046448,"1",3.06821230046448,"1",4.51704226449538,"1"
2022-10-21,3.5256527254701,"1",3.38930083382022,"1",3.06821393667802,"1",3.06821393667802,"1",4.51704605036448,"1"
2022-10-24,3.52565399677034,"1",3.38929762001214,"1",3.06821032697638,"1",3.06821032697638,"1",4.51704219332616,"1"
2022-10-25,3.52565300990544,"1",3.38931410458722,"1",3.06821640655964,"1",3.06821640655964,"1",4.51705156815413,"1"
2022-10-26,3.52565609118725,"1",3.38938769430853,"1",3.06825198145869,"1",3.06825198145869,"1",4.51710312555488,"1"
2022-10-27,3.52567109566012,"1",3.38939614344221,"1",3.0682599052364,"1",3.0682599052364,"1",4.51711611051512,"1"
2022-10-28,3.52567434187086,"1",3.38939701938268,"1",3.06826457644415,"1",3.06826457644415,"1",4.5171214804996,"1"
2022-10-31,3.52567619973112,"1",3.38940349672744,"1",3.06827210056678,"1",3.06827210056678,"1",4.51713052937802,"1"
2022-11-01,3.52567912645476,"1",3.38935606662775,"1",3.0682536754459,"1",3.0682536754459,"1",4.51710269786193,"1"
2022-11-02,3.52567138072047,"1",3.38935162963741,"1",3.06825296438832,"1",3.06825296438832,"1",4.51709915971232,"1"
2022-11-03,3.52567111030226,"1",3.38933243057151,"1",3.06824473129676,"1",3.06824473129676,"1",4.51708682151163,"1"
2022-11-04,3.52566770282043,"1",3.38934356327368,"1",3.06825012415117,"1",3.06825012415117,"1",4.51709371950849,"1"
2022-11-07,3.52567005637308,"1",3.3893684646403,"1",3.06826304975973,"1",3.06826304975973,"1",4.51711231029616,"1"
2022-11-08,3.52567545239796,"1",3.38935528946394,"1",3.06825875945471,"1",3.06825875945471,"1",4.51710643799762,"1"
2022-11-09,3.52567356516925,"1",3.38934525907581,"1",3.06825511836818,"1",3.06825511836818,"1",4.51710020272593,"1"
2022-11-10,3.52567200668862,"1",3.38934593352981,"1",3.06825609455505,"1",3.06825609455505,"1",4.51710091396532,"1"
2022-11-11,3.52567240749019,"1",3.38939923711957,"1",3.06828330967488,"1",3.06828330967488,"1",4.51713919043811,"1"
2022-11-14,3.52568344613474,"1",3.3894019718698,"1",3.06828875295652,"1",3.06828875295652,"1",4.51714755999207,"1"
2022-11-15,3.52568532082302,"1",3.38938872917107,"1",3.06828653731377,"1",3.06828653731377,"1",4.51714279663023,"1"
2022-11-16,3.52568404205584,"1",3.38938524479117,"1",3.06828812680496,"1",3.06828812680496,"1",4.51714317213569,"1"
2022-11-17,3.52568436743796,"1",3.38936138384559,"1",3.06827921643933,"1",3.06827921643933,"1",4.51712923869598,"1"
2022-11-18,3.52568038181818,"1",3.38935589085386,"1",3.06827797725277,"1",3.06827797725277,"1",4.51712583984003,"1"
2022-11-21,3.52567964277742,"1",3.38935456804152,"1",3.06827839129633,"1",3.06827839129633,"1",4.51712574432151,"1"
2022-11-22,3.52567961325496,"1",3.38934602764143,"1",3.06827515889163,"1",3.06827515889163,"1",4.51712068217858,"1"
2022-11-23,3.5256780490331,"1",3.38935248217739,"1",3.06827880361271,"1",3.06827880361271,"1",4.51712526627009,"1"
2022-11-24,3.52567937792416,"1",3.38937783820522,"1",3.06829186400906,"1",3.06829186400906,"1",4.51714384979421,"1"
2022-11-25,3.52568456635085,"1",3.38938377481723,"1",3.06829724647117,"1",3.06829724647117,"1",4.51715153850268,"1"
2022-11-28,3.52568647211919,"1",3.38935910437433,"1",3.06828781564712,"1",3.06828781564712,"1",4.51713729639639,"1"
2022-11-29,3.52568215919363,"1",3.38932973913719,"1",3.06827440719388,"1",3.06827440719388,"1",4.51711673848343,"1"
2022-11-30,3.52567634877015,"1",3.38934155837252,"1",3.06827945267593,"1",3.06827945267593,"1",4.51712290518565,"1"
2022-12-01,3.52567832217863,"1",3.3894347143759,"1",3.06832486849125,"1",3.06832486849125,"1",4.51718807699786,"1"
2022-12-02,3.52569690332405,"1",3.38941020022768,"1",3.06831888184505,"1",3.06831888184505,"1",4.51718104174347,"1"
2022-12-05,3.52569378289039,"1",3.389375235103,"1",3.06830626809016,"1",3.06830626809016,"1",4.51716019455177,"1"
2022-12-06,3.52568786743765,"1",3.3893581044555,"1",3.06829972450014,"1",3.06829972450014,"1",4.5171486054206,"1"
2022-12-07,3.52568483021148,"1",3.3893590817388,"1",3.06830107031089,"1",3.06830107031089,"1",4.51714938790335,"1"
2022-12-08,3.52568509176618,"1",3.38930201313517,"1",3.06827386104713,"1",3.06827386104713,"1",4.5171103864142,"1"
2022-12-09,3.52567358157236,"1",3.3893394829706,"1",3.06828941678717,"1",3.06828941678717,"1",4.51713114931915,"1"
2022-12-12,3.52567999199624,"1",3.38931981526633,"1",3.06827949286532,"1",3.06827949286532,"1",4.51711868135591,"1"
2022-12-13,3.5256757828984,"1",3.38930924184912,"1",3.06827275065607,"1",3.06827275065607,"1",4.51710885085266,"1"
2022-12-14,3.52567295901536,"1",3.38941559574962,"1",3.06832395387897,"1",3.06832395387897,"1",4.51718145127931,"1"
2022-12-15,3.52569361395877,"1",3.38938486770667,"1",3.06831369630868,"1",3.06831369630868,"1",4.51716941880789,"1"
2022-12-16,3.52568883035346,"1",3.38934936973461,"1",3.06829887450006,"1",3.06829887450006,"1",4.51714597497957,"1"
2022-12-19,3.525682270432,"1",3.3892856100512,"1",3.06826766790985,"1",3.06826766790985,"1",4.51710002717292,"1"
2022-12-20,3.52566933161514,"1",3.38927708156323,"1",3.06825971638329,"1",3.06825971638329,"1",4.51708748376018,"1"
2022-12-21,3.52566622252747,"1",3.38930923464111,"1",3.0682712204905,"1",3.0682712204905,"1",4.51710515700087,"1"
2022-12-22,3.52567129953777,"1",3.3893134366444,"1",3.06827103729226,"1",3.06827103729226,"1",4.51710716923869,"1"
2022-12-23,3.5256713607777,"1",3.38939800399794,"1",3.06831056186523,"1",3.06831056186523,"1",4.51716432014088,"1"
2022-12-27,3.52568774755479,"1",3.38939535057069,"1",3.06831289501083,"1",3.06831289501083,"1",4.51716975109607,"1"
2022-12-28,3.52568839001473,"1",3.38938806476897,"1",3.06831271663178,"1",3.06831271663178,"1",4.51716801889788,"1"
2022-12-29,3.52568794507818,"1",3.38936870430642,"1",3.06830625728406,"1",3.06830625728406,"1",4.51715727214183,"1"
2022-12-30,3.52568485768038,"1",3.38938290300086,"1",3.06831506968583,"1",3.06831506968583,"1",4.5171681879803,"1"
2023-01-02,3.52568813577766,"1",3.38937974091094,"1",3.06831595366347,"1",3.06831595366347,"1",4.51716904783726,"1"
2023-01-03,3.52568815013125,"1",3.38941508450546,"1",3.0683354890823,"1",3.0683354890823,"1",4.51719577172435,"1"
2023-01-04,3.52569562209173,"1",3.38939976175341,"1",3.06833250968886,"1",3.06833250968886,"1",4.51719111719293,"1"
2023-01-05,3.5256938244706,"1",3.38944980440847,"1",3.06836122424727,"1",3.06836122424727,"1",4.51722952043318,"1"
2023-01-06,3.52570484273949,"1",3.38943156495635,"1",3.06835891539371,"1",3.06835891539371,"1",4.51722564566921,"1"
2023-01-09,3.52570307417723,"1",3.38943729946845,"1",3.06836727794657,"1",3.06836727794657,"1",4.51723445543648,"1"
2023-01-10,3.5257057310902,"1",3.38944819057354,"1",3.06837815595758,"1",3.06837815595758,"1",4.51724789042958,"1"
2023-01-11,3.5257094811434,"1",3.38943268127355,"1",3.06837677982345,"1",3.06837677982345,"1",4.51724382561084,"1"
2023-01-12,3.52570800622173,"1",3.38943089057838,"1",3.06838110248773,"1",3.06838110248773,"1",4.5172471278561,"1"
2023-01-13,3.5257089052839,"1",3.38946255311398,"1",3.06840141019073,"1",3.06840141019073,"1",4.51727392068077,"1"
2023-01-16,3.52571635953721,"1",3.38945952415176,"1",3.0684068536688,"1",3.0684068536688,"1",4.5172800893757,"1"
2023-01-17,3.52571760214322,"1",3.38938031589491,"1",3.06837393554886,"1",3.06837393554886,"1",4.51723072933765,"1"
2023-01-18,3.52570280458602,"1",3.38936753277848,"1",3.06836898953924,"1",3.06836898953924,"1",4.51721957714895,"1"
2023-01-19,3.52570013063073,"1",3.38933904841278,"1",3.06835547998324,"1",3.06835547998324,"1",4.51719951732161,"1"
2023-01-20,3.52569410371233,"1",3.38934752034225,"1",3.06835821039339,"1",3.06835821039339,"1",4.51720266454694,"1"
2023-01-23,3.52569488453213,"1",3.38937950097848,"1",3.06837336631206,"1",3.06837336631206,"1",4.5172246524057,"1"
2023-01-24,3.5257009268147,"1",3.38927485374303,"1",3.06832225250364,"1",3.06832225250364,"1",4.51715329581471,"1"
2023-01-25,3.52567984718369,"1",3.38919278349746,"1",3.06827824074342,"1",3.06827824074342,"1",4.51708755791469,"1"
2023-01-26,3.52566213242971,"1",3.38921417938947,"1",3.06827791622336,"1",3.06827791622336,"1",4.51708811901406,"1"
2023-01-27,3.52566258565703,"1",3.38923050690008,"1",3.06827661437857,"1",3.06827661437857,"1",4.51709084400224,"1"
2023-01-30,3.52566262392058,"1",3.38923356548979,"1",3.06827007537271,"1",3.06827007537271,"1",4.51708541463921,"1"
2023-01-31,3.52566054198463,"1",3.38922346265383,"1",3.0682575991971,"1",3.0682575991971,"1",4.51707079545324,"1"
2023-02-01,3.52565592544789,"1",3.38924886506264,"1",3.06826184886048,"1",3.06826184886048,"1",4.51707969195321,"1"
2023-02-02,3.5256584227803,"1",3.38930335463574,"1",3.06828230839075,"1",3.06828230839075,"1",4.51711237879589,"1"
2023-02-03,3.52566750670847,"1",3.3893368378464,"1",3.06829599642308,"1",3.06829599642308,"1",4.51713529296119,"1"
2023-02-06,3.52567351225776,"1",3.38933548675074,"1",3.06829472131455,"1",3.06829472131455,"1",4.51713518795351,"1"
2023-02-07,3.5256731755276,"1",3.38935215324348,"1",3.06830229542112,"1",3.06830229542112,"1",4.51714616625431,"1"
2023-02-08,3.52567649091857,"1",3.38936144077965,"1",3.06830728474921,"1",3.06830728474921,"1",4.51715383267767,"1"
2023-02-09,3.52567864208535,"1",3.3893723029039,"1",3.0683136545581,"1",3.0683136545581,"1",4.51716289587897,"1"
2023-02-10,3.52568129586315,"1",3.38933448745109,"1",3.06829677793939,"1",3.06829677793939,"1",4.51713872230058,"1"
2023-02-13,3.52567427377309,"1",3.38933648302287,"1",3.06829696569562,"1",3.06829696569562,"1",4.51713771562057,"1"
2023-02-14,3.52567451379989,"1",3.38931119288755,"1",3.06828394059887,"1",3.06828394059887,"1",4.51711955026399,"1"
2023-02-15,3.52566926307004,"1",3.38934572170316,"1",3.06829874147219,"1",3.06829874147219,"1",4.51714038356419,"1"
2023-02-16,3.52567575842961,"1",3.38938986561185,"1",3.06832092589907,"1",3.06832092589907,"1",4.51717320036526,"1"
2023-02-17,3.52568481466921,"1",3.38934482401397,"1",3.06830200597432,"1",3.06830200597432,"1",4.51714690843325,"1"
2023-02-20,3.5256768850338,"1",3.3893491628005,"1",3.06830400384201,"1",3.06830400384201,"1",4.51714794457521,"1"
2023-02-21,3.52567777633125,"1",3.3893215255308,"1",3.06829075017228,"1",3.06829075017228,"1",4.51712916464827,"1"
2023-02-22,3.52567229402648,"1",3.38930551899452,"1",3.0682811303145,"1",3.0682811303145,"1",4.51711504490684,"1"
2023-02-23,3.525668531661,"1",3.38930727426147,"1",3.0682793214457,"1",3.0682793214457,"1",4.51711286871022,"1"
2023-02-24,3.52566808590074,"1",3.38930516710756,"1",3.06827567365261,"1",3.06827567365261,"1",4.51710883207452,"1"
2023-02-27,3.52566691165879,"1",3.38926828996171,"1",3.06825493990425,"1",3.06825493990425,"1",4.51708034540387,"1"
2023-02-28,3.52565888813207,"1",3.38926898328318,"1",3.068250423164,"1",3.068250423164,"1",4.5170743655514,"1"
2023-03-01,3.52565761175521,"1",3.38926785953739,"1",3.06824499653188,"1",3.06824499653188,"1",4.51706868955528,"1"
2023-03-02,3.52565598568656,"1",3.38929008794404,"1",3.06825109383392,"1",3.06825109383392,"1",4.51707928297368,"1"
2023-03-03,3.52565914144518,"1",3.38930632089638,"1",3.06825573471911,"1",3.06825573471911,"1",4.51708821896535,"1"
2023-03-06,3.52566157967758,"1",3.38923561525988,"1",3.06821941140415,"1",3.06821941140415,"1",4.51703793535297,"1"
2023-03-07,3.52564929773062,"1",3.38926243936145,"1",3.06822488713556,"1",3.06822488713556,"1",4.5170465164758,"1"
2023-03-08,3.52565218836677,"1",3.38927175652906,"1",3.06822463833885,"1",3.06822463833885,"1",4.51704915652604,"1"
2023-03-09,3.52565285332469,"1",3.38929196729199,"1",3.0682297146546,"1",3.0682297146546,"1",4.5170588527341,"1"
2023-03-10,3.52565514694578,"1",3.38926487470511,"1",3.06821754775747,"1",3.06821754775747,"1",4.51704155477448,"1"
2023-03-13,3.52565379738845,"1",3.3892771053358,"1",3.06821854880613,"1",3.06821854880613,"1",4.51704505956339,"1"
2023-03-14,3.52565223659311,"1",3.38928983857557,"1",3.0681791098673,"1",3.0681791098673,"1",4.51701054600528,"1"
2023-03-15,3.52564520092823,"1",3.38927742004582,"1",3.06817644595555,"1",3.06817644595555,"1",4.51700345653676,"1"
2023-03-16,3.52564494191409,"1",3.38928754994099,"1",3.06817834768988,"1",3.06817834768988,"1",4.51700757175079,"1"
2023-03-17,3.52564644328406,"1",3.38927834846003,"1",3.06817164245167,"1",3.06817164245167,"1",4.51699944364443,"1"
2023-03-20,3.52564437311454,"1",3.38927997402197,"1",3.06816952766024,"1",3.06816952766024,"1",4.51699734721956,"1"
2023-03-21,3.52564407998413,"1",3.38930551550462,"1",3.06817991836827,"1",3.06817991836827,"1",4.51701307814882,"1"
2023-03-22,3.52564883729281,"1",3.38930351507579,"1",3.0681781031807,"1",3.0681781031807,"1",4.51701201769663,"1"
2023-03-23,3.52564864364771,"1",3.38933115003088,"1",3.06819057568516,"1",3.06819057568516,"1",4.51703022563082,"1"
2023-03-24,3.52565436238612,"1",3.38925966605532,"1",3.06815591854811,"1",3.06815591854811,"1",4.51698210039237,"1"
2023-03-27,3.52564034881236,"1",3.38930029156078,"1",3.06817186033097,"1",3.06817186033097,"1",4.5170033804619,"1"
2023-03-28,3.52564807539765,"1",3.38932884642287,"1",3.06818527202033,"1",3.06818527202033,"1",4.51702455437524,"1"
2023-03-29,3.52565379158222,"1",3.38927772591996,"1",3.068162523074,"1",3.068162523074,"1",4.51699243848923,"1"
2023-03-30,3.52564473269482,"1",3.38926837337655,"1",3.06815506997977,"1",3.06815506997977,"1",4.51698108402343,"1"
2023-03-31,3.52564231948837,"1",3.38931181610055,"1",3.06817293970974,"1",3.06817293970974,"1",4.51700757453227,"1"
2023-04-03,3.5256502355599,"1",3.38929481885423,"1",3.06816427095719,"1",3.06816427095719,"1",4.51699727198402,"1"
2023-04-04,3.5256470172755,"1",3.38931639632772,"1",3.06817341428071,"1",3.06817341428071,"1",4.51701020603114,"1"
2023-04-05,3.52565127267088,"1",3.38926926305964,"1",3.06815051407347,"1",3.06815051407347,"1",4.51697854254601,"1"
2023-04-06,3.52564236803462,"1",3.38924007590484,"1",3.06813325215184,"1",3.06813325215184,"1",4.51695331617772,"1"
2023-04-07,3.5256358599436,"1",3.38926687328423,"1",3.06814130092289,"1",3.06814130092289,"1",4.51696567380855,"1"
2023-04-10,3.52564008335793,"1",3.38928531472524,"1",3.06814713839207,"1",3.06814713839207,"1",4.51697650813969,"1"
2023-04-11,3.52564329053519,"1",3.38927756985567,"1",3.06814071783273,"1",3.06814071783273,"1",4.51696939275055,"1"
2023-04-12,3.52564143064917,"1",3.38926969345974,"1",3.06813477328912,"1",3.06813477328912,"1",4.51696150165346,"1"
2023-04-13,3.52563960725347,"1",3.38925074538116,"1",3.06812238016071,"1",3.06812238016071,"1",4.51694493891313,"1"
2023-04-14,3.52563543995451,"1",3.38921611129479,"1",3.06810218263014,"1",3.06810218263014,"1",4.5169167806704,"1"
2023-04-17,3.52562882215795,"1",3.38909443214634,"1",3.06804258816419,"1",3.06804258816419,"1",4.51683044579199,"1"
2023-04-18,3.525611757207,"1",3.38913686884283,"1",3.0680481856317,"1",3.0680481856317,"1",4.51684169143301,"1"
2023-04-19,3.52561560821613,"1",3.38916486083604,"1",3.0680502684351,"1",3.0680502684351,"1",4.51685115059401,"1"
2023-04-20,3.52561769456532,"1",3.38922064064671,"1",3.06806837521761,"1",3.06806837521761,"1",4.51688182860916,"1"
2023-04-21,3.52562687877611,"1",3.38924278474984,"1",3.06807386718483,"1",3.06807386718483,"1",4.51689437738358,"1"
2023-04-24,3.52563024752411,"1",3.38927077386921,"1",3.06808575124887,"1",3.06808575124887,"1",4.51691295328354,"1"
2023-04-25,3.52563672601426,"1",3.38927539039899,"1",3.06808497450063,"1",3.06808497450063,"1",4.51691483409269,"1"
2023-04-26,3.52563726530677,"1",3.38926406692339,"1",3.06807972599331,"1",3.06807972599331,"1",4.51690735180038,"1"
2023-04-27,3.5256356172251,"1",3.38930288089045,"1",3.06809613971665,"1",3.06809613971665,"1",4.51693156131578,"1"
2023-04-28,3.52564277341968,"1",3.38929694466274,"1",3.06809335991878,"1",3.06809335991878,"1",4.51692923050839,"1"
2023-05-01,3.52564196847626,"1",3.38932524972079,"1",3.06810675372205,"1",3.06810675372205,"1",4.51694831998058,"1"
2023-05-02,3.52564816882115,"1",3.38938378901637,"1",3.06813978387559,"1",3.06813978387559,"1",4.51699467142261,"1"
2023-05-03,3.52566096975054,"1",3.38936096635745,"1",3.06813438069502,"1",3.06813438069502,"1",4.51698722297923,"1"
2023-05-04,3.52565858221145,"1",3.38934786964554,"1",3.0681317512105,"1",3.0681317512105,"1",4.51698110067201,"1"
2023-05-05,3.52565734214162,"1",3.38934584210948,"1",3.06813351086899,"1",3.06813351086899,"1",4.51698198857388,"1"
2023-05-08,3.52565793798249,"1",3.38925069205315,"1",3.06808942322905,"1",3.06808942322905,"1",4.51691820308802,"1"
2023-05-09,3.52564016355971,"1",3.38929641022907,"1",3.06810755757408,"1",3.06810755757408,"1",4.51694186172564,"1"
2023-05-10,3.52564796580389,"1",3.3892970034646,"1",3.06810723173766,"1",3.06810723173766,"1",4.51694353159364,"1"
2023-05-11,3.52564797617756,"1",3.38932758860691,"1",3.06812167099839,"1",3.06812167099839,"1",4.51696433451559,"1"
2023-05-12,3.52565403074302,"1",3.38934292906968,"1",3.06813061755859,"1",3.06813061755859,"1",4.51697779804728,"1"
2023-05-15,3.52565779777292,"1",3.38934655396963,"1",3.06813488528191,"1",3.06813488528191,"1",4.51698355790536,"1"
2023-05-16,3.52565947366484,"1",3.38932322140577,"1",3.06812466573415,"1",3.06812466573415,"1",4.51696883385107,"1"
2023-05-17,3.52565539807408,"1",3.38931251763467,"1",3.06812093538847,"1",3.06812093538847,"1",4.51696184070589,"1"
2023-05-18,3.52565373757884,"1",3.38931378715195,"1",3.06812187069577,"1",3.06812187069577,"1",4.51696262953437,"1"
2023-05-19,3.52565407587252,"1",3.38930302579244,"1",3.06811689639145,"1",3.06811689639145,"1",4.51695549051666,"1"
2023-05-22,3.52565209628418,"1",3.38931329690545,"1",3.06812158801096,"1",3.06812158801096,"1",4.51696186141894,"1"
2023-05-23,3.52565404836884,"1",3.38930515366382,"1",3.06811789448222,"1",3.06811789448222,"1",4.51695692507163,"1"
2023-05-24,3.52565253969105,"1",3.38926663981996,"1",3.06809930029443,"1",3.06809930029443,"1",4.51692998935892,"1"
2023-05-25,3.52564499786652,"1",3.3892952752918,"1",3.0681105548277,"1",3.0681105548277,"1",4.51694555561105,"1"
2023-05-26,3.5256498378166,"1",3.38932381886658,"1",3.06812380780069,"1",3.06812380780069,"1",4.51696589771699,"1"
2023-05-29,3.525655353968,"1",3.38932706128035,"1",3.06812651785073,"1",3.06812651785073,"1",4.51697051231548,"1"
2023-05-30,3.52565638172185,"1",3.38921840765864,"1",3.0680760036726,"1",3.0680760036726,"1",4.51689759645849,"1"
2023-05-31,3.52563524085569,"1",3.38923026962904,"1",3.06807599291659,"1",3.06807599291659,"1",4.51689540157955,"1"
2023-06-01,3.52563573804925,"1",3.38926627389367,"1",3.06808879709126,"1",3.06808879709126,"1",4.51691605512931,"1"
2023-06-02,3.52564147012649,"1",3.38928748901432,"1",3.0680966530759,"1",3.0680966530759,"1",4.51692979881949,"1"
2023-06-05,3.52564501711138,"1",3.38927799317037,"1",3.06809087546628,"1",3.06809087546628,"1",4.51692295670528,"1"
2023-06-06,3.52564287900242,"1",3.3893338567438,"1",3.06811643070839,"1",3.06811643070839,"1",4.51695967484353,"1"
2023-06-07,3.52565393038154,"1",3.38929458220546,"1",3.06809858729055,"1",3.06809858729055,"1",4.51693622441812,"1"
2023-06-08,3.5256465778305,"1",3.3893049396558,"1",3.06810302974754,"1",3.06810302974754,"1",4.51694111590099,"1"
2023-06-09,3.52564856582155,"1",3.38929953017061,"1",3.06810030056028,"1",3.06810030056028,"1",4.51693773991101,"1"
2023-06-12,3.52564751281514,"1",3.38931667506996,"1",3.06810847004465,"1",3.06810847004465,"1",4.51694922293978,"1"
2023-06-13,3.52565093467503,"1",3.38932705198353,"1",3.06811433159407,"1",3.06811433159407,"1",4.51695799239975,"1"
2023-06-14,3.5256533850289,"1",3.38933827925685,"1",3.06812144665228,"1",3.06812144665228,"1",4.51696791390767,"1"
2023-06-15,3.52565627663298,"1",3.38940835533103,"1",3.06815889453516,"1",3.06815889453516,"1",4.51702036335015,"1"
2023-06-16,3.52567106015555,"1",3.38938700598736,"1",3.06815530374127,"1",3.06815530374127,"1",4.51701543554399,"1"
2023-06-19,3.52566899890867,"1",3.38932246649975,"1",3.06812886261772,"1",3.06812886261772,"1",4.51697485154229,"1"
2023-06-20,3.52565759509358,"1",3.38934559480072,"1",3.06814111472455,"1",3.06814111472455,"1",4.51698915132114,"1"
2023-06-21,3.5256625383788,"1",3.38932511429254,"1",3.06813335100525,"1",3.06813335100525,"1",4.51697818104666,"1"
2023-06-22,3.52565903613407,"1",3.38931822817435,"1",3.06813103651084,"1",3.06813103651084,"1",4.5169735552464,"1"
2023-06-23,3.52565789725804,"1",3.38932096153387,"1",3.06813297906821,"1",3.06813297906821,"1",4.51697576020113,"1"
2023-06-26,3.52565853873759,"1",3.38933358928412,"1",3.06813997643013,"1",3.06813997643013,"1",4.51698547470243,"1"
2023-06-27,3.52566134608243,"1",3.38934870852203,"1",3.06814937989824,"1",3.06814937989824,"1",4.5169985518987,"1"
2023-06-28,3.52566486087016,"1",3.38933757809305,"1",3.0681466213068,"1",3.0681466213068,"1",4.5169941606887,"1"
2023-06-29,3.52566336748923,"1",3.38936194703984,"1",3.0681604048839,"1",3.0681604048839,"1",4.51701252838904,"1"
2023-06-30,3.52566874551685,"1",3.38935757431249,"1",3.06816158483178,"1",3.06816158483178,"1",4.51701387638212,"1"
2023-07-03,3.5256687633912,"1",3.38938140547966,"1",3.06817655180277,"1",3.06817655180277,"1",4.51703358782782,"1"
2023-07-04,3.52567426826408,"1",3.38937900717419,"1",3.06817983058228,"1",3.06817983058228,"1",4.51703740728093,"1"
2023-07-05,3.52567500985279,"1",3.38937648035362,"1",3.06818286432488,"1",3.06818286432488,"1",4.51703984416342,"1"
2023-07-06,3.52567563867545,"1",3.38937963173759,"1",3.06818845527394,"1",3.06818845527394,"1",4.5170459998612,"1"
2023-07-07,3.52567732903616,"1",3.3893818048593,"1",3.06819375995154,"1",3.06819375995154,"1",4.51705190555207,"1"
2023-07-10,3.52567877856442,"1",3.38936596993704,"1",3.06819046383094,"1",3.06819046383094,"1",4.51704541412732,"1"
2023-07-11,3.52567689925566,"1",3.38936803499774,"1",3.06819441244734,"1",3.06819441244734,"1",4.51704917672597,"1"
2023-07-12,3.52567797277624,"1",3.38937037752599,"1",3.06819906309377,"1",3.06819906309377,"1",4.51705436109121,"1"
2023-07-13,3.52567930305612,"1",3.38936918921287,"1",3.06820190106371,"1",3.06820190106371,"1",4.51705706735796,"1"
2023-07-14,3.52567978386,"1",3.38932923430348,"1",3.06818540964504,"1",3.06818540964504,"1",4.51703224118942,"1"
2023-07-17,3.52567189377545,"1",3.38933991581595,"1",3.06819143593952,"1",3.06819143593952,"1",4.51703857409023,"1"
2023-07-18,3.52567426806205,"1",3.38933839823491,"1",3.0681916547625,"1",3.0681916547625,"1",4.51703898189516,"1"
2023-07-19,3.52567394434079,"1",3.38933482111482,"1",3.06819139686852,"1",3.06819139686852,"1",4.51703782054009,"1"
2023-07-20,3.52567337216581,"1",3.38933425393467,"1",3.06819203345728,"1",3.06819203345728,"1",4.51703815182319,"1"
2023-07-21,3.52567316520639,"1",3.38934704220345,"1",3.06819911902119,"1",3.06819911902119,"1",4.51704778742106,"1"
2023-07-24,3.52567554507516,"1",3.38933666295158,"1",3.06819583030194,"1",3.06819583030194,"1",4.51704280657583,"1"
2023-07-25,3.52567379233434,"1",3.38939171300794,"1",3.06822216915501,"1",3.06822216915501,"1",4.51708016192078,"1"
2023-07-26,3.52568440967365,"1",3.38937960894356,"1",3.06822070181396,"1",3.06822070181396,"1",4.51707842990359,"1"
2023-07-27,3.52568305442738,"1",3.389363420208,"1",3.06821653636836,"1",3.06821653636836,"1",4.51707037603562,"1"
2023-07-28,3.52568065787801,"1",3.38935828803276,"1",3.06821660186213,"1",3.06821660186213,"1",4.51706866505379,"1"
2023-07-31,3.52568003351485,"1",3.38935366958087,"1",3.06821648441122,"1",3.06821648441122,"1",4.51706731999754,"1"
2023-08-01,3.52567945472123,"1",3.38934057557829,"1",3.06821269954208,"1",3.06821269954208,"1",4.51706053604619,"1"
2023-08-02,3.5256770713462,"1",3.38940033982445,"1",3.06824755886626,"1",3.06824755886626,"1",4.51710687757875,"1"
2023-08-03,3.52569119180299,"1",3.38941582437443,"1",3.06826023388113,"1",3.06826023388113,"1",4.51712578569014,"1"
2023-08-04,3.52569557782535,"1",3.38939563845148,"1",3.06825595030088,"1",3.06825595030088,"1",4.51711803121138,"1"
2023-08-07,3.52569279220064,"1",3.38938992387535,"1",3.06825744527747,"1",3.06825744527747,"1",4.51711743779915,"1"
2023-08-08,3.52569246337755,"1",3.38937623188085,"1",3.06825468809672,"1",3.06825468809672,"1",4.51711153979638,"1"
2023-08-09,3.52569035924177,"1",3.38936361160274,"1",3.06825122334637,"1",3.06825122334637,"1",4.51710480973032,"1"
2023-08-10,3.52568805381268,"1",3.38935736306188,"1",3.06825014515208,"1",3.06825014515208,"1",4.51710178020928,"1"
2023-08-11,3.52568685005317,"1",3.38935184588213,"1",3.06824901273666,"1",3.06824901273666,"1",4.51709913121556,"1"
2023-08-14,3.5256856719964,"1",3.38936396735088,"1",3.068256271704,"1",3.068256271704,"1",4.51710854447852,"1"
2023-08-15,3.52568811697873,"1",3.38937972321827,"1",3.06826644402736,"1",3.06826644402736,"1",4.51712241037066,"1"
2023-08-16,3.52569152594104,"1",3.38950174888315,"1",3.0683293153007,"1",3.0683293153007,"1",4.51721115744971,"1"
2023-08-17,3.52571620888564,"1",3.38950144948992,"1",3.06834007798023,"1",3.06834007798023,"1",4.51722703508656,"1"
2023-08-18,3.525719156904,"1",3.38956189422601,"1",3.06838123340878,"1",3.06838123340878,"1",4.51728072189829,"1"
2023-08-21,3.52573362655742,"1",3.38949775388325,"1",3.06836487951765,"1",3.06836487951765,"1",4.51725362443347,"1"
2023-08-22,3.52572478598298,"1",3.38947356108844,"1",3.06836305124425,"1",3.06836305124425,"1",4.51724412471634,"1"
2023-08-23,3.5257223605938,"1",3.38946474988635,"1",3.06836691407978,"1",3.06836691407978,"1",4.51724511709431,"1"
2023-08-24,3.52572237195873,"1",3.38942664168563,"1",3.06835577512647,"1",3.06835577512647,"1",4.51722565623626,"1"
2023-08-25,3.52571579530591,"1",3.38941143097711,"1",3.06835315484923,"1",3.06835315484923,"1",4.51721805851099,"1"
2023-08-28,3.52571335596331,"1",3.38939515734576,"1",3.0683490145808,"1",3.0683490145808,"1",4.51720975311191,"1"
2023-08-29,3.52571012075071,"1",3.38940031600299,"1",3.06835555487313,"1",3.06835555487313,"1",4.51721636573343,"1"
2023-08-30,3.52571124554959,"1",3.38929073536387,"1",3.06831179630919,"1",3.06831179630919,"1",4.51714961698937,"1"
2023-08-31,3.52569260444514,"1",3.38929941035033,"1",3.06831183426277,"1",3.06831183426277,"1",4.51714730617692,"1"
2023-09-01,3.52569204659155,"1",3.38933232476912,"1",3.06832367791672,"1",3.06832367791672,"1",4.517166079165,"1"
2023-09-04,3.52569632528995,"1",3.38934899523173,"1",3.06833045023877,"1",3.06833045023877,"1",4.51717738998748,"1"
2023-09-05,3.52569850334124,"1",3.38934548884169,"1",3.06832844227781,"1",3.06832844227781,"1",4.51717518609945,"1"
2023-09-06,3.52569696622018,"1",3.3893457282813,"1",3.06832808072487,"1",3.06832808072487,"1",4.5171745400401,"1"
2023-09-07,3.52569615700142,"1",3.38933616161203,"1",3.06832286146063,"1",3.06832286146063,"1",4.51716718142385,"1"
2023-09-08,3.52569337860328,"1",3.38928948228358,"1",3.06829885022267,"1",3.06829885022267,"1",4.51713292230447,"1"
2023-09-11,3.52568288273059,"1",3.38930665641141,"1",3.06830319583604,"1",3.06830319583604,"1",4.51713858748326,"1"
2023-09-12,3.52568447396049,"1",3.38936163532445,"1",3.0683276513917,"1",3.0683276513917,"1",4.51717493971088,"1"
2023-09-13,3.52569414235712,"1",3.38931335922798,"1",3.06830491773363,"1",3.06830491773363,"1",4.51714443851139,"1"
2023-09-14,3.52568431906178,"1",3.38931386452081,"1",3.06830273334831,"1",3.06830273334831,"1",4.51714018726985,"1"
2023-09-15,3.52568318891412,"1",3.38930523255108,"1",3.06829616459305,"1",3.06829616459305,"1",4.51713170219836,"1"
2023-09-18,3.52568028919978,"1",3.38929414821284,"1",3.06828782643675,"1",3.06828782643675,"1",4.51712055661044,"1"
2023-09-19,3.52567685292981,"1",3.38929755224672,"1",3.06828596841962,"1",3.06828596841962,"1",4.51711879911357,"1"
2023-09-20,3.5256760615401,"1",3.38930104286799,"1",3.06828432381944,"1",3.06828432381944,"1",4.51711788574949,"1"
2023-09-21,3.52567538798957,"1",3.38936389245973,"1",3.06831271803858,"1",3.06831271803858,"1",4.51715926739454,"1"
2023-09-22,3.52568717755061,"1",3.38937802012677,"1",3.06832084924091,"1",3.06832084924091,"1",4.51717302777859,"1"
2023-09-25,3.525690252379,"1",3.38935940388219,"1",3.06831362477654,"1",3.06831362477654,"1",4.5171625643947,"1"
2023-09-26,3.52568674445434,"1",3.38934654134838,"1",3.06830783651296,"1",3.06830783651296,"1",4.51715325844406,"1"
2023-09-27,3.52568415158942,"1",3.38934227232405,"1",3.06830573504658,"1",3.06830573504658,"1",4.51714966359729,"1"
2023-09-28,3.52568307377941,"1",3.38934030132627,"1",3.06830440464761,"1",3.06830440464761,"1",4.51714769275619,"1"
2023-09-29,3.52568234950202,"1",3.38932863414482,"1",3.06829819685535,"1",3.06829819685535,"1",4.51713892855703,"1"
2023-10-02,3.52567965711342,"1",3.38928990560734,"1",3.06827808733851,"1",3.06827808733851,"1",4.51711023642676,"1"
2023-10-03,3.52567135241987,"1",3.38925511039157,"1",3.06825746943554,"1",3.06825746943554,"1",4.51708067016871,"1"
2023-10-04,3.52566303419356,"1",3.38927196879472,"1",3.0682597654856,"1",3.0682597654856,"1",4.51708484343588,"1"
2023-10-05,3.52566439884325,"1",3.38929056627931,"1",3.06826412536214,"1",3.06826412536214,"1",4.51709364978418,"1"
2023-10-06,3.52566654358193,"1",3.38933015917072,"1",3.06827991319146,"1",3.06827991319146,"1",4.51711834625719,"1"
2023-10-09,3.52567329081771,"1",3.38931135812918,"1",3.06826989520194,"1",3.06826989520194,"1",4.51710607306205,"1"
2023-10-10,3.52566949034479,"1",3.38934856331481,"1",3.0682852152823,"1",3.0682852152823,"1",4.51712836698766,"1"
2023-10-11,3.52567644242204,"1",3.38934338250166,"1",3.06828291947005,"1",3.06828291947005,"1",4.51712662180964,"1"
2023-10-12,3.52567548069687,"1",3.38939089560172,"1",3.06830662760106,"1",3.06830662760106,"1",4.51715991114785,"1"
2023-10-13,3.52568528022669,"1",3.38938689162997,"1",3.06830783858619,"1",3.06830783858619,"1",4.51716241625536,"1"
2023-10-16,3.52568551539992,"1",3.38935565908376,"1",3.06829518252269,"1",3.06829518252269,"1",4.51714319815509,"1"
2023-10-17,3.52567986005111,"1",3.38930949593867,"1",3.06827266593322,"1",3.06827266593322,"1",4.51710979086576,"1"
2023-10-18,3.5256706633608,"1",3.38933613169383,"1",3.06828326375698,"1",3.06828326375698,"1",4.51712387813525,"1"
2023-10-19,3.52567522449685,"1",3.3893486807102,"1",3.06828901730492,"1",3.06828901730492,"1",4.51713332555377,"1"
2023-10-20,3.5256776442087,"1",3.38938194910496,"1",3.06830594238185,"1",3.06830594238185,"1",4.51715766872097,"1"
2023-10-23,3.52568460183168,"1",3.38937256721196,"1",3.06830385137674,"1",3.06830385137674,"1",4.51715512857989,"1"
2023-10-24,3.52568345917051,"1",3.38935937124788,"1",3.06829906034195,"1",3.06829906034195,"1",4.51714724023572,"1"
2023-10-25,3.52568135119507,"1",3.38933942426384,"1",3.06829057595349,"1",3.06829057595349,"1",4.51713405660075,"1"
2023-10-26,3.525677743466,"1",3.3893338999679,"1",3.06828755552972,"1",3.06828755552972,"1",4.51712906175545,"1"
2023-10-27,3.52567645172233,"1",3.38934429538659,"1",3.06829202538996,"1",3.06829202538996,"1",4.51713541502538,"1"
2023-10-30,3.52567826266994,"1",3.38934481659051,"1",3.06829227983261,"1",3.06829227983261,"1",4.51713620377638,"1"
2023-10-31,3.52567831944724,"1",3.38935618969863,"1",3.06829801501011,"1",3.06829801501011,"1",4.51714429645443,"1"
2023-11-01,3.52568061757774,"1",3.38935886241347,"1",3.06830009763499,"1",3.06830009763499,"1",4.51714742830304,"1"
2023-11-02,3.5256813560039,"1",3.38934629904974,"1",3.06829486985767,"1",3.06829486985767,"1",4.51713972048522,"1"
2023-11-03,3.52567907976061,"1",3.38935026992526,"1",3.06829691320626,"1",3.06829691320626,"1",4.51714204394693,"1"
2023-11-06,3.52567985828932,"1",3.38933185059948,"1",3.06828816494554,"1",3.06828816494554,"1",4.51712965112347,"1"
2023-11-07,3.52567616231897,"1",3.38931713003268,"1",3.06828007867659,"1",3.06828007867659,"1",4.51711769912246,"1"
2023-11-08,3.52567289492285,"1",3.38932090237059,"1",3.06828013599506,"1",3.06828013599506,"1",4.51711787199613,"1"
2023-11-09,3.52567303755956,"1",3.38931593214355,"1",3.06827619352364,"1",3.06827619352364,"1",4.51711302224769,"1"
2023-11-10,3.52567152557662,"1",3.38928879181108,"1",3.06826103383056,"1",3.06826103383056,"1",4.5170919983458,"1"
2023-11-13,3.52566543052552,"1",3.3892921162763,"1",3.06825909440183,"1",3.06825909440183,"1",4.5170895194202,"1"
2023-11-14,3.52566498140819,"1",3.3893023568314,"1",3.06826080994752,"1",3.06826080994752,"1",4.51709344057397,"1"
2023-11-15,3.52566603721539,"1",3.38936986028588,"1",3.06829221683764,"1",3.06829221683764,"1",4.51713916254689,"1"
2023-11-16,3.52567932267185,"1",3.38936674900095,"1",3.06829254780248,"1",3.06829254780248,"1",4.51714186979885,"1"
2023-11-17,3.52567936404625,"1",3.38936722354819,"1",3.06829440074855,"1",3.06829440074855,"1",4.51714373640521,"1"
2023-11-20,3.52568003750403,"1",3.38936191404836,"1",3.06829341974648,"1",3.06829341974648,"1",4.51714172091113,"1"
2023-11-21,3.52567951497112,"1",3.3893431414223,"1",3.06828535797468,"1",3.06828535797468,"1",4.51712958510729,"1"
2023-11-22,3.52567613283642,"1",3.38933339165223,"1",3.06828063756169,"1",3.06828063756169,"1",4.51712204740232,"1"
2023-11-23,3.52567421034953,"1",3.38931707700756,"1",3.06827206777999,"1",3.06827206777999,"1",4.51710968226386,"1"
2023-11-24,3.52567073173614,"1",3.3893157706969,"1",3.06826973749217,"1",3.06826973749217,"1",4.51710636093861,"1"
2023-11-27,3.52566996003095,"1",3.38931309430485,"1",3.06826675003545,"1",3.06826675003545,"1",4.51710273544301,"1"
2023-11-28,3.52566894516721,"1",3.3893300432375,"1",3.06827307408164,"1",3.06827307408164,"1",4.51711244325182,"1"
2023-11-29,3.52567185465524,"1",3.3893161355464,"1",3.06826517673426,"1",3.06826517673426,"1",4.51710241585277,"1"
2023-11-30,3.5256687399143,"1",3.38932686323004,"1",3.06826879200602,"1",3.06826879200602,"1",4.51710761326102,"1"
2023-12-01,3.52567043893379,"1",3.3893271239733,"1",3.06826800338323,"1",3.06826800338323,"1",4.51710733195799,"1"
2023-12-04,3.52567026310927,"1",3.38931419303534,"1",3.06826064541106,"1",3.06826064541106,"1",4.51709731608238,"1"
2023-12-05,3.52566753053556,"1",3.38933220754096,"1",3.06826750267484,"1",3.06826750267484,"1",4.51710737253508,"1"
2023-12-06,3.52567066442084,"1",3.38930848568848,"1",3.06825498625909,"1",3.06825498625909,"1",4.51709073688838,"1"
2023-12-07,3.52566549696635,"1",3.38932239943208,"1",3.0682598983773,"1",3.0682598983773,"1",4.51709742253534,"1"
2023-12-08,3.52566781052907,"1",3.38930849026016,"1",3.06825195582541,"1",3.06825195582541,"1",4.51708721190066,"1"
2023-12-11,3.52566475472688,"1",3.38930544161474,"1",3.06824846119279,"1",3.06824846119279,"1",4.51708248329256,"1"
2023-12-12,3.52566356050254,"1",3.38941405967235,"1",3.0683024419757,"1",3.0683024419757,"1",4.51715861647714,"1"
2023-12-13,3.52568486546992,"1",3.38940240033332,"1",3.06830167235057,"1",3.06830167235057,"1",4.51716016273058,"1"
2023-12-14,3.52568427122953,"1",3.3893792212323,"1",3.06829443557404,"1",3.06829443557404,"1",4.51714774951506,"1"
2023-12-15,3.52568101970284,"1",3.38937299735014,"1",3.06829388712568,"1",3.06829388712568,"1",4.51714500196018,"1"
2023-12-18,3.52568063921187,"1",3.38937337942972,"1",3.06829613345075,"1",3.06829613345075,"1",4.5171471179549,"1"
2023-12-19,3.52568139936239,"1",3.38936949386141,"1",3.06829628220693,"1",3.06829628220693,"1",4.51714652216492,"1"
2023-12-20,3.52568129884022,"1",3.38936353846675,"1",3.06829508741774,"1",3.06829508741774,"1",4.51714397100858,"1"
2023-12-21,3.52568064895389,"1",3.38936420544734,"1",3.06829677652035,"1",3.06829677652035,"1",4.51714556585418,"1"
2023-12-22,3.52568121230689,"1",3.38935597352939,"1",3.068294088868,"1",3.068294088868,"1",4.51714122899454,"1"
2023-12-27,3.52567994940464,"1",3.38933532328564,"1",3.06828471455987,"1",3.06828471455987,"1",4.51712724061115,"1"
2023-12-28,3.5256759900843,"1",3.38932358566734,"1",3.0682784290492,"1",3.0682784290492,"1",4.5171176249288,"1"
2023-12-29,3.52567342959346,"1",3.38931855761215,"1",3.06827468513429,"1",3.06827468513429,"1",4.51711231210691,"1"
2024-01-01,3.52567195361449,"1",3.38932697586634,"1",3.06827723515138,"1",3.06827723515138,"1",4.51711634833223,"1"
2024-01-02,3.525673108946,"1",3.38931997663547,"1",3.06827286519596,"1",3.06827286519596,"1",4.51711085667976,"1"
2024-01-03,3.52567137013172,"1",3.38932561763768,"1",3.06827417061812,"1",3.06827417061812,"1",4.51711300492872,"1"
2024-01-04,3.52567204908778,"1",3.3894146439132,"1",3.06831731891432,"1",3.06831731891432,"1",4.51717476401699,"1"
2024-01-05,3.52568971830644,"1",3.3893964231307,"1",3.0683131248759,"1",3.0683131248759,"1",4.51717068414471,"1"
2024-01-08,3.52568757988791,"1",3.38939453305297,"1",3.06831568322877,"1",3.06831568322877,"1",4.51717214511391,"1"
2024-01-09,3.52568827635639,"1",3.38937396918885,"1",3.06830900943089,"1",3.06830900943089,"1",4.51716118178836,"1"
2024-01-10,3.5256850865924,"1",3.38934555634922,"1",3.06829655106185,"1",3.06829655106185,"1",4.51714200737584,"1"
2024-01-11,3.52567970108882,"1",3.3893303926005,"1",3.06828912352621,"1",3.06828912352621,"1",4.51713017362386,"1"
2024-01-12,3.52567655653023,"1",3.38932935311709,"1",3.06828763989101,"1",3.06828763989101,"1",4.51712779116781,"1"
2024-01-15,3.52567594778227,"1",3.38933746357556,"1",3.06829063985654,"1",3.06829063985654,"1",4.51713238288194,"1"
2024-01-16,3.52567724734335,"1",3.38934481823718,"1",3.0682938795822,"1",3.0682938795822,"1",4.51713747176862,"1"
2024-01-17,3.52567852088446,"1",3.38931784108552,"1",3.06828112352226,"1",3.06828112352226,"1",4.51711940592535,"1"
2024-01-18,3.52567328389497,"1",3.38931491529507,"1",3.06827796880711,"1",3.06827796880711,"1",4.51711451281471,"1"
2024-01-19,3.52567206937831,"1",3.38932544464343,"1",3.06828126452903,"1",3.06828126452903,"1",4.51711980998217,"1"
2024-01-22,3.52567354485987,"1",3.38931576610259,"1",3.06827540788042,"1",3.06827540788042,"1",4.51711236266852,"1"
2024-01-23,3.5256712637286,"1",3.3893229519858,"1",3.06827709419892,"1",3.06827709419892,"1",4.51711510570827,"1"
2024-01-24,3.52567213146907,"1",3.38933559353606,"1",3.06828208501358,"1",3.06828208501358,"1",4.5171229869382,"1"
2024-01-25,3.52567435485209,"1",3.38933774910901,"1",3.0682826669956,"1",3.0682826669956,"1",4.51712456609773,"1"
2024-01-26,3.52567465884267,"1",3.38933916866471,"1",3.06828303064152,"1",3.06828303064152,"1",4.51712531439965,"1"
2024-01-29,3.52567486342913,"1",3.38933138127375,"1",3.06827896843752,"1",3.06827896843752,"1",4.51711970316046,"1"
2024-01-30,3.5256732586108,"1",3.38932095105923,"1",3.06827316629113,"1",3.06827316629113,"1",4.51711140492607,"1"
2024-01-31,3.5256709629028,"1",3.38931837984836,"1",3.0682704857828,"1",3.0682704857828,"1",4.51710773445222,"1"
2024-02-01,3.52567002261464,"1",3.38932431093101,"1",3.06827183999752,"1",3.06827183999752,"1",4.51711018497096,"1"
2024-02-02,3.52567076450634,"1",3.38931884858419,"1",3.06826803184542,"1",3.06826803184542,"1",4.51710548695171,"1"
2024-02-05,3.52566936157851,"1",3.38932256292987,"1",3.06826836884901,"1",3.06826836884901,"1",4.51710634857794,"1"
2024-02-06,3.52566970540003,"1",3.38932270456578,"1",3.06826729328386,"1",3.06826729328386,"1",4.51710544989816,"1"
2024-02-07,3.52566942444235,"1",3.38930930347602,"1",3.06825917073597,"1",3.06825917073597,"1",4.51709457848145,"1"
2024-02-08,3.52566624112017,"1",3.3892940598005,"1",3.06824955213598,"1",3.06824955213598,"1",4.51708118084646,"1"
2024-02-09,3.52566255230724,"1",3.38928063887929,"1",3.06823992950704,"1",3.06823992950704,"1",4.51706808957131,"1"
2024-02-12,3.52565909992269,"1",3.38928608586043,"1",3.06823882365356,"1",3.06823882365356,"1",4.51706751769769,"1"
2024-02-13,3.52565922693824,"1",3.38926272065624,"1",3.0682256844115,"1",3.0682256844115,"1",4.51704967146038,"1"
2024-02-14,3.52565378006679,"1",3.38928163588983,"1",3.06823035180999,"1",3.06823035180999,"1",4.51705723845562,"1"
2024-02-15,3.52565636104944,"1",3.38927278406965,"1",3.06822223349001,"1",3.06822223349001,"1",4.51704811601637,"1"
2024-02-16,3.52565356098975,"1",3.38927619977421,"1",3.06821976525108,"1",3.06821976525108,"1",4.51704593634984,"1"
2024-02-19,3.52565308582986,"1",3.38929459617778,"1",3.06822517816103,"1",3.06822517816103,"1",4.51705525392499,"1"
2024-02-20,3.525655985268,"1",3.38929524730028,"1",3.06822281135026,"1",3.06822281135026,"1",4.51705386082121,"1"
2024-02-21,3.52565554200594,"1",3.38931042903721,"1",3.06822776989106,"1",3.06822776989106,"1",4.51706200107092,"1"
2024-02-22,3.52565813174471,"1",3.38931300867839,"1",3.06822754643358,"1",3.06822754643358,"1",4.51706300776427,"1"
2024-02-23,3.52565848909454,"1",3.38930526830482,"1",3.06822243972325,"1",3.06822243972325,"1",4.51705645983334,"1"
2024-02-26,3.52565679487598,"1",3.38932508344128,"1",3.06823048477024,"1",3.06823048477024,"1",4.51706830340633,"1"
2024-02-27,3.52566068498358,"1",3.38931655161258,"1",3.06822562794195,"1",3.06822562794195,"1",4.51706263626722,"1"
2024-02-28,3.52565916322679,"1",3.38930518225229,"1",3.06821944126807,"1",3.06821944126807,"1",4.51705377431136,"1"
2024-02-29,3.52565707105506,"1",3.38934572710371,"1",3.06823729361865,"1",3.06823729361865,"1",4.51707964172647,"1"
2024-03-01,3.52566495507047,"1",3.38934712962794,"1",3.06823894421441,"1",3.06823894421441,"1",4.51708338282943,"1"
2024-03-04,3.52566583304991,"1",3.38934079436422,"1",3.06823691749205,"1",3.06823691749205,"1",4.51708018909683,"1"
2024-03-05,3.52566517481464,"1",3.38936569025597,"1",3.06824977366776,"1",3.06824977366776,"1",4.51709800406648,"1"
2024-03-06,3.52567088115511,"1",3.38937360991106,"1",3.06825614063596,"1",3.06825614063596,"1",4.51710720885582,"1"
2024-03-07,3.52567351866904,"1",3.38935951374313,"1",3.06825190052875,"1",3.06825190052875,"1",4.51710051748242,"1"
2024-03-08,3.52567176100212,"1",3.38936185818481,"1",3.06825473528031,"1",3.06825473528031,"1",4.51710332544967,"1"
2024-03-11,3.52567293887832,"1",3.38936986691339,"1",3.06826067947044,"1",3.06826067947044,"1",4.51711108679041,"1"
2024-03-12,3.52567543580468,"1",3.38934538325128,"1",3.06825053931676,"1",3.06825053931676,"1",4.5170963597959,"1"
2024-03-13,3.52567125633606,"1",3.38933561098306,"1",3.0682465970817,"1",3.0682465970817,"1",4.51708936195754,"1"
2024-03-14,3.52566974087388,"1",3.38932386031907,"1",3.06824123945275,"1",3.06824123945275,"1",4.51708119251068,"1"
2024-03-15,3.52566773754279,"1",3.38931986704806,"1",3.06823878704429,"1",3.06823878704429,"1",4.51707747087662,"1"
2024-03-18,3.5256668386528,"1",3.38932625752557,"1",3.06824096129171,"1",3.06824096129171,"1",4.51708081162722,"1"
2024-03-19,3.52566772848896,"1",3.38932861584814,"1",3.06824161784337,"1",3.06824161784337,"1",4.51708219476729,"1"
2024-03-20,3.52566810277044,"1",3.38933199959673,"1",3.0682429847749,"1",3.0682429847749,"1",4.51708436700416,"1"
2024-03-21,3.5256687924364,"1",3.3893345443239,"1",3.06824414168489,"1",3.06824414168489,"1",4.51708621814761,"1"
2024-03-22,3.5256693550501,"1",3.38933105395534,"1",3.06824201278653,"1",3.06824201278653,"1",4.51708352377084,"1"
2024-03-25,3.52566855802838,"1",3.38933303906865,"1",3.068242802173,"1",3.068242802173,"1",4.51708454696653,"1"
2024-03-26,3.52566894587872,"1",3.38932210594909,"1",3.06823688470202,"1",3.06823688470202,"1",4.51707649088792,"1"
2024-03-27,3.5256667613315,"1",3.38932560567417,"1",3.06823784866861,"1",3.06823784866861,"1",4.51707770842854,"1"
2024-03-28,3.52566727770836,"1",3.38932947532265,"1",3.06823921845255,"1",3.06823921845255,"1",4.51708003121556,"1"
2024-03-29,3.52566794332308,"1",3.38932751637043,"1",3.06823799301479,"1",3.06823799301479,"1",4.51707857256008,"1"
2024-04-01,3.52566752264857,"1",3.38933626453735,"1",3.06824190146703,"1",3.06824190146703,"1",4.51708421433309,"1"
2024-04-02,3.52566921512615,"1",3.38936908914253,"1",3.06825818661282,"1",3.06825818661282,"1",4.51710767908241,"1"
2024-04-03,3.52567584961511,"1",3.38941948589073,"1",3.06828503503532,"1",3.06828503503532,"1",4.51714639351207,"1"
2024-04-04,3.52568667601001,"1",3.38939942263743,"1",3.06828078339531,"1",3.06828078339531,"1",4.51714021440654,"1"
2024-04-05,3.52568448844063,"1",3.38939005540982,"1",3.06828039086182,"1",3.06828039086182,"1",4.5171371240952,"1"
2024-04-08,3.52568392645725,"1",3.38938058143471,"1",3.06827924884626,"1",3.06827924884626,"1",4.51713368552696,"1"
2024-04-09,3.52568310366375,"1",3.38933589325926,"1",3.06826088357911,"1",3.06826088357911,"1",4.51710567314064,"1"
2024-04-10,3.52567500985385,"1",3.38934901156155,"1",3.06826733249113,"1",3.06826733249113,"1",4.51711292985154,"1"
2024-04-11,3.52567756956029,"1",3.38936733320861,"1",3.06827711332527,"1",3.06827711332527,"1",4.51712705816768,"1"
2024-04-12,3.52568153107119,"1",3.38936247460578,"1",3.06827661104043,"1",3.06827661104043,"1",4.51712637388527,"1"
2024-04-15,3.52568102786596,"1",3.38941629911324,"1",3.06830540676481,"1",3.06830540676481,"1",4.51716604879406,"1"
2024-04-16,3.52569278834221,"1",3.38938982528697,"1",3.06829731424015,"1",3.06829731424015,"1",4.51715496282983,"1"
2024-04-17,3.52568885992631,"1",3.38938004369128,"1",3.06829576008016,"1",3.06829576008016,"1",4.51715027102936,"1"
2024-04-18,3.52568771767322,"1",3.38937301054653,"1",3.06829483873233,"1",3.06829483873233,"1",4.51714747836467,"1"
2024-04-19,3.52568689012353,"1",3.38936107609193,"1",3.06829104215646,"1",3.06829104215646,"1",4.51714089783693,"1"
2024-04-22,3.5256849017339,"1",3.38934764728367,"1",3.0682856548875,"1",3.0682856548875,"1",4.51713219399725,"1"
2024-04-23,3.52568231209678,"1",3.38935277483748,"1",3.06828854270667,"1",3.06828854270667,"1",4.51713551134758,"1"
2024-04-24,3.52568323659863,"1",3.38934473404574,"1",3.06828523166729,"1",3.06828523166729,"1",4.51713071740835,"1"
2024-04-25,3.52568158688909,"1",3.38935239448649,"1",3.06828911963287,"1",3.06828911963287,"1",4.51713579439713,"1"
2024-04-26,3.52568296801843,"1",3.38935169877781,"1",3.06828941462218,"1",3.06828941462218,"1",4.51713623360695,"1"
2024-04-29,3.52568280956502,"1",3.38935335517358,"1",3.06829078264163,"1",3.06829078264163,"1",4.5171378747228,"1"
2024-04-30,3.52568312256867,"1",3.38935858586404,"1",3.06829417272561,"1",3.06829417272561,"1",4.51714237283412,"1"
2024-05-01,3.52568421645464,"1",3.38936103094991,"1",3.06829634959098,"1",3.06829634959098,"1",4.51714525630009,"1"
2024-05-02,3.52568480290167,"1",3.38935977792235,"1",3.06829688550091,"1",3.06829688550091,"1",4.51714560407889,"1"
2024-05-03,3.52568470553519,"1",3.38935645606401,"1",3.06829631365141,"1",3.06829631365141,"1",4.5171442604344,"1"
2024-05-06,3.52568416050363,"1",3.38931325958772,"1",3.06827576948924,"1",3.06827576948924,"1",4.51711461255985,"1"
2024-05-07,3.52567535703862,"1",3.38932342752637,"1",3.06827875935664,"1",3.06827875935664,"1",4.51711774972933,"1"
2024-05-08,3.52567656145298,"1",3.38933309602467,"1",3.06828217976622,"1",3.06828217976622,"1",4.51712353118506,"1"
2024-05-09,3.5256779069788,"1",3.3893521519881,"1",3.06829086024841,"1",3.06829086024841,"1",4.51713651018846,"1"
2024-05-10,3.52568131520894,"1",3.38934823710239,"1",3.06828955033854,"1",3.06828955033854,"1",4.517135157203,"1"
2024-05-13,3.52568057237163,"1",3.38935631151343,"1",3.06829392896672,"1",3.06829392896672,"1",4.51714100730178,"1"
2024-05-14,3.52568217506834,"1",3.38934759454763,"1",3.06829054702126,"1",3.06829054702126,"1",4.517136147058,"1"
2024-05-15,3.52568054740651,"1",3.38934345292638,"1",3.06828873859291,"1",3.06828873859291,"1",4.51713308545657,"1"
2024-05-16,3.52567962331931,"1",3.38928534658371,"1",3.06825958540591,"1",3.06825958540591,"1",4.51709172965016,"1"
2024-05-17,3.52566730530722,"1",3.38929783073224,"1",3.06826193193653,"1",3.06826193193653,"1",4.51709397876326,"1"
2024-05-20,3.52566850693675,"1",3.38927492320187,"1",3.0682478343317,"1",3.0682478343317,"1",4.51707559070893,"1"
2024-05-21,3.52566252320026,"1",3.3891646645661,"1",3.0681863832374,"1",3.0681863832374,"1",4.51699034552343,"1"
2024-05-22,3.52563857172226,"1",3.38918867053951,"1",3.06818677942448,"1",3.06818677942448,"1",4.51699073148916,"1"
2024-05-23,3.52563981895597,"1",3.38920545350839,"1",3.0681853716992,"1",3.0681853716992,"1",4.51699365094847,"1"
2024-05-24,3.52564024084685,"1",3.38923220278835,"1",3.0681900672552,"1",3.0681900672552,"1",4.51700447083755,"1"
2024-05-27,3.52564316307013,"1",3.38924425577708,"1",3.06818937938253,"1",3.06818937938253,"1",4.51700734895589,"1"
2024-05-28,3.52564376642551,"1",3.38925582102749,"1",3.0681893463762,"1",3.0681893463762,"1",4.51701018301126,"1"
2024-05-29,3.52564460853256,"1",3.38928410357466,"1",3.0681983882761,"1",3.0681983882761,"1",4.51702555630296,"1"
2024-05-30,3.52564917694556,"1",3.38929975531424,"1",3.0682031784098,"1",3.0682031784098,"1",4.51703482862485,"1"
2024-05-31,3.5256518087766,"1",3.38931347893087,"1",3.06820803811769,"1",3.06820803811769,"1",4.51704325651428,"1"
2024-06-03,3.52565438767347,"1",3.38932024401788,"1",3.06821041678162,"1",3.06821041678162,"1",4.51704769684756,"1"
2024-06-04,3.5256558559392,"1",3.38932170269088,"1",3.06821065602335,"1",3.06821065602335,"1",4.51704861132686,"1"
2024-06-05,3.5256563970962,"1",3.38932167080158,"1",3.06821024781386,"1",3.06821024781386,"1",4.51704834677828,"1"
2024-06-06,3.52565663979194,"1",3.38931552575167,"1",3.06820677986493,"1",3.06820677986493,"1",4.51704369088487,"1"
2024-06-07,3.5256556230891,"1",3.38933006208465,"1",3.06821314153056,"1",3.06821314153056,"1",4.51705286563605,"1"
2024-06-10,3.52565866833333,"1",3.38940767578034,"1",3.06825175601724,"1",3.06825175601724,"1",4.51710822473718,"1"
2024-06-11,3.52567498746625,"1",3.38939428728078,"1",3.06825040567832,"1",3.06825040567832,"1",4.51710764299689,"1"
2024-06-12,3.52567427265634,"1",3.38940408733357,"1",3.06825953799529,"1",3.06825953799529,"1",4.5171183830945,"1"
2024-06-13,3.52567779970382,"1",3.38935156492934,"1",3.06823917503907,"1",3.06823917503907,"1",4.517087668845,"1"
2024-06-14,3.52566897081594,"1",3.38934523646978,"1",3.0682373570701,"1",3.0682373570701,"1",4.51708238780518,"1"
2024-06-17,3.52566824661966,"1",3.38935194147567,"1",3.06824160134803,"1",3.06824160134803,"1",4.51708779332881,"1"
2024-06-18,3.52567008975835,"1",3.389346660294,"1",3.06824027613607,"1",3.06824027613607,"1",4.51708573572611,"1"
2024-06-19,3.52566956001222,"1",3.38937802474074,"1",3.06825642458309,"1",3.06825642458309,"1",4.51710820470072,"1"
2024-06-20,3.52567628273113,"1",3.38936044753678,"1",3.0682507284593,"1",3.0682507284593,"1",4.51710028428405,"1"
2024-06-21,3.52567379495587,"1",3.38935892314713,"1",3.0682517955238,"1",3.0682517955238,"1",4.51710034458207,"1"
2024-06-24,3.52567412288314,"1",3.38935888269569,"1",3.06825345836643,"1",3.06825345836643,"1",4.51710197835794,"1"
2024-06-25,3.52567468930731,"1",3.38938889586443,"1",3.06826992895662,"1",3.06826992895662,"1",4.51712469066553,"1"
2024-06-26,3.52568130459875,"1",3.3893576622391,"1",3.06825821265413,"1",3.06825821265413,"1",4.51710785961274,"1"
2024-06-27,3.52567615689918,"1",3.38935222603554,"1",3.06825704405379,"1",3.06825704405379,"1",4.51710426699106,"1"
2024-06-28,3.52567550958119,"1",3.38933145738572,"1",3.06824798594044,"1",3.06824798594044,"1",4.51709069346674,"1"
2024-07-01,3.5256715708738,"1",3.38933330484167,"1",3.06824863518379,"1",3.06824863518379,"1",4.51709081254076,"1"
2024-07-02,3.52567181208557,"1",3.38928549684083,"1",3.06822525877764,"1",3.06822525877764,"1",4.51705759654286,"1"
2024-07-03,3.52566212754614,"1",3.38932274726411,"1",3.06824030489201,"1",3.06824030489201,"1",4.51707825767056,"1"
2024-07-04,3.52566859120714,"1",3.38933603305199,"1",3.06824608693686,"1",3.06824608693686,"1",4.51708835335953,"1"
2024-07-05,3.52567108444735,"1",3.38933712089594,"1",3.06824672323662,"1",3.06824672323662,"1",4.51708979581454,"1"
2024-07-08,3.52567133082376,"1",3.38937490379023,"1",3.0682652315418,"1",3.0682652315418,"1",4.51711618132383,"1"
2024-07-09,3.52567848988523,"1",3.38937787574299,"1",3.06826915015254,"1",3.06826915015254,"1",4.51712225730984,"1"
2024-07-10,3.52567992943345,"1",3.3893557992175,"1",3.06826077803903,"1",3.06826077803903,"1",4.51710951328593,"1"
2024-07-11,3.52567619332542,"1",3.38934518571047,"1",3.06825686405609,"1",3.06825686405609,"1",4.51710244837398,"1"
2024-07-12,3.52567442978529,"1",3.3893320594774,"1",3.06825102651287,"1",3.06825102651287,"1",4.51709344464366,"1"
2024-07-15,3.52567191981525,"1",3.38933673843026,"1",3.06825307149746,"1",3.06825307149746,"1",4.51709588133369,"1"
2024-07-16,3.52567280102973,"1",3.38931385539247,"1",3.06824038629507,"1",3.06824038629507,"1",4.51707875382394,"1"
2024-07-17,3.52566787680354,"1",3.38932206694624,"1",3.06824289638694,"1",3.06824289638694,"1",4.5170818918768,"1"
2024-07-18,3.52566899414262,"1",3.38932400601902,"1",3.06824299544452,"1",3.06824299544452,"1",4.51708270481359,"1"
2024-07-19,3.52566909772127,"1",3.3893223064551,"1",3.06824148036669,"1",3.06824148036669,"1",4.51708090211152,"1"
2024-07-22,3.52566851576896,"1",3.38931527842288,"1",3.06823714407955,"1",3.06823714407955,"1",4.51707502633732,"1"
2024-07-23,3.52566695039551,"1",3.38931662161678,"1",3.06823664480198,"1",3.06823664480198,"1",4.5170745037977,"1"
2024-07-24,3.52566684341451,"1",3.3893223187017,"1",3.06823829777067,"1",3.06823829777067,"1",4.51707737679666,"1"
2024-07-25,3.52566763528858,"1",3.38933817880413,"1",3.06824525720151,"1",3.06824525720151,"1",4.51708785205358,"1"
2024-07-26,3.52567053488307,"1",3.38938624531288,"1",3.06826876497863,"1",3.06826876497863,"1",4.51712199215905,"1"
2024-07-29,3.52567979819248,"1",3.38937272512408,"1",3.06826567236478,"1",3.06826567236478,"1",4.51711807719436,"1"
2024-07-30,3.52567873092175,"1",3.38936374273036,"1",3.06826449635147,"1",3.06826449635147,"1",4.51711460337944,"1"
2024-07-31,3.52567796896173,"1",3.38936194391346,"1",3.06826550451881,"1",3.06826550451881,"1",4.51711494994171,"1"
2024-08-01,3.5256781424018,"1",3.38936312239867,"1",3.06826751969745,"1",3.06826751969745,"1",4.51711716618099,"1"
2024-08-02,3.52567853022972,"1",3.38936038282139,"1",3.06826783260922,"1",3.06826783260922,"1",4.51711690715803,"1"
2024-08-05,3.5256783598373,"1",3.3893623075576,"1",3.06826817939835,"1",3.06826817939835,"1",4.51711764683537,"1"
2024-08-06,3.52567371645018,"1",3.38935966198313,"1",3.0682496605968,"1",3.0682496605968,"1",4.51709848935477,"1"
2024-08-07,3.52566740395685,"1",3.38937403235587,"1",3.06825723097116,"1",3.06825723097116,"1",4.51710751649643,"1"
2024-08-08,3.52567063693584,"1",3.38936017635829,"1",3.0682532034527,"1",3.0682532034527,"1",4.51710122209542,"1"
2024-08-09,3.52566908658854,"1",3.38941764035799,"1",3.06828282887901,"1",3.06828282887901,"1",4.51714228880721,"1"
2024-08-12,3.52567642932409,"1",3.38940805123304,"1",3.06828338018886,"1",3.06828338018886,"1",4.5171422791183,"1"
2024-08-13,3.52567603279381,"1",3.38940105770996,"1",3.06828192692421,"1",3.06828192692421,"1",4.51713917039897,"1"
2024-08-14,3.52567408351452,"1",3.38938883846038,"1",3.06827633281716,"1",3.06827633281716,"1",4.51713056575979,"1"
2024-08-15,3.52567154232746,"1",3.38938478188423,"1",3.06827793128571,"1",3.06827793128571,"1",4.51713051775341,"1"
2024-08-16,3.52567232293601,"1",3.38939972957517,"1",3.0682877608302,"1",3.0682877608302,"1",4.51714347864089,"1"
2024-08-19,3.52567555364804,"1",3.38937459336883,"1",3.06828160067459,"1",3.06828160067459,"1",4.51713251919335,"1"
2024-08-20,3.52567320950955,"1",3.38936642284108,"1",3.06828006788886,"1",3.06828006788886,"1",4.51712859987881,"1"
2024-08-21,3.52567269840727,"1",3.38934755475053,"1",3.06827264533065,"1",3.06827264533065,"1",4.51711704630928,"1"
2024-08-22,3.52566989746808,"1",3.38932336539191,"1",3.06826176840904,"1",3.06826176840904,"1",4.51710044730997,"1"
2024-08-23,3.52566559123403,"1",3.38932283998206,"1",3.06826043355404,"1",3.06826043355404,"1",4.51709805249706,"1"
2024-08-26,3.5256653673141,"1",3.38931699961554,"1",3.06825643915507,"1",3.06825643915507,"1",4.51709286265803,"1"
2024-08-27,3.52566410309483,"1",3.38932731709531,"1",3.06825999432432,"1",3.06825999432432,"1",4.5170983425888,"1"
2024-08-28,3.52566600133607,"1",3.38941316110884,"1",3.06830491402127,"1",3.06830491402127,"1",4.5171613078175,"1"
2024-08-29,3.52568577039058,"1",3.38940238290661,"1",3.06830441857113,"1",3.06830441857113,"1",4.51716295812348,"1"
2024-08-30,3.52568526042405,"1",3.38939119914137,"1",3.0683029662569,"1",3.0683029662569,"1",4.51715883698298,"1"
2024-09-02,3.52568439031112,"1",3.3893677568567,"1",3.06829487123678,"1",3.06829487123678,"1",4.51714548853885,"1"
2024-09-03,3.52568066432485,"1",3.38936500964321,"1",3.06829519918027,"1",3.06829519918027,"1",4.51714427326292,"1"
2024-09-04,3.52568065780148,"1",3.38936968223049,"1",3.06829881323536,"1",3.06829881323536,"1",4.51714877567227,"1"
2024-09-05,3.52568199580432,"1",3.38944216603482,"1",3.0683361076835,"1",3.0683361076835,"1",4.5172012817154,"1"
2024-09-06,3.52569690433102,"1",3.38943410755978,"1",3.06833857416171,"1",3.06833857416171,"1",4.51720521754827,"1"
2024-09-09,3.52569730466987,"1",3.38943815267303,"1",3.0683463573521,"1",3.0683463573521,"1",4.5172135945643,"1"
2024-09-10,3.52569986767832,"1",3.38940857582399,"1",3.06833788974528,"1",3.06833788974528,"1",4.51719925914846,"1"
2024-09-11,3.52569565670067,"1",3.38938670789212,"1",3.06833103365529,"1",3.06833103365529,"1",4.51718666161474,"1"
2024-09-12,3.52569229419556,"1",3.38938638427726,"1",3.06833336795024,"1",3.06833336795024,"1",4.51718799217673,"1"
2024-09-13,3.52569283144986,"1",3.3893799770723,"1",3.06833264764399,"1",3.06833264764399,"1",4.51718593168153,"1"
2024-09-16,3.52569209237736,"1",3.38936450975843,"1",3.06832695203041,"1",3.06832695203041,"1",4.51717675162132,"1"
2024-09-17,3.52568941930578,"1",3.38937372296344,"1",3.0683321834693,"1",3.0683321834693,"1",4.51718321856186,"1"
2024-09-18,3.52569122002692,"1",3.3893552332563,"1",3.06832467775091,"1",3.06832467775091,"1",4.51717222008959,"1"
2024-09-19,3.52568776961802,"1",3.38934143545961,"1",3.06831821764022,"1",3.06831821764022,"1",4.5171620747152,"1"
2024-09-20,3.52568479103367,"1",3.38932785782837,"1",3.06831078223872,"1",3.06831078223872,"1",4.51715117372963,"1"
2024-09-23,3.52568161514112,"1",3.38931316010063,"1",3.06830223904946,"1",3.06830223904946,"1",4.51713891922633,"1"
2024-09-24,3.52567798920488,"1",3.38930906740562,"1",3.06829775182847,"1",3.06829775182847,"1",4.51713287571924,"1"
2024-09-25,3.52567608432329,"1",3.38932103690017,"1",3.06830113135107,"1",3.06830113135107,"1",4.51713842835002,"1"
2024-09-26,3.5256775730389,"1",3.38932901924692,"1",3.0683032330375,"1",3.0683032330375,"1",4.51714263774305,"1"
2024-09-27,3.52567846247662,"1",3.38933456458374,"1",3.06830463989279,"1",3.06830463989279,"1",4.51714547782961,"1"
2024-09-30,3.52567906854925,"1",3.38931153027321,"1",3.06829216525078,"1",3.06829216525078,"1",4.51712844822779,"1"
2024-10-01,3.52567441787943,"1",3.38932634043676,"1",3.06829655973495,"1",3.06829655973495,"1",4.51713497910371,"1"
2024-10-02,3.52567636220638,"1",3.38935165223172,"1",3.06830770727602,"1",3.06830770727602,"1",4.51715189556548,"1"
2024-10-03,3.52568141033929,"1",3.38935729517986,"1",3.06831104818739,"1",3.06831104818739,"1",4.51715755933577,"1"
2024-10-04,3.52568272926351,"1",3.38935661702302,"1",3.06831137850452,"1",3.06831137850452,"1",4.51715802130405,"1"
2024-10-07,3.52568273734753,"1",3.38933584336665,"1",3.06830176055132,"1",3.06830176055132,"1",4.51714407365255,"1"
2024-10-08,3.52567794893456,"1",3.38932460310435,"1",3.06829432558273,"1",3.06829432558273,"1",4.51713329728594,"1"
2024-10-09,3.52567514281273,"1",3.38932069838767,"1",3.06829120488006,"1",3.06829120488006,"1",4.51712877807347,"1"
2024-10-10,3.52567403762429,"1",3.38934793106769,"1",3.06830227165068,"1",3.06830227165068,"1",4.51714535272449,"1"
2024-10-11,3.52567854947417,"1",3.38935316314266,"1",3.06830485127153,"1",3.06830485127153,"1",4.51715007648934,"1"
2024-10-14,3.52567960442678,"1",3.38933285981546,"1",3.06829541326572,"1",3.06829541326572,"1",4.51713665554441,"1"
2024-10-15,3.52567595771952,"1",3.38930671508538,"1",3.06828263007716,"1",3.06828263007716,"1",4.51711760165778,"1"
2024-10-16,3.5256701263133,"1",3.38931074515301,"1",3.0682818952136,"1",3.0682818952136,"1",4.51711648542137,"1"
2024-10-17,3.52567009842484,"1",3.38931201769518,"1",3.06828029087677,"1",3.06828029087677,"1",4.51711526749239,"1"
2024-10-18,3.52566967962042,"1",3.38931017880264,"1",3.06827714064242,"1",3.06827714064242,"1",4.51711176897446,"1"
2024-10-21,3.52566864188718,"1",3.38931233853499,"1",3.06827593087411,"1",3.06827593087411,"1",4.51711089377624,"1"
2024-10-22,3.52566838083574,"1",3.38931380714255,"1",3.06827442189238,"1",3.06827442189238,"1",4.51710975691928,"1"
2024-10-23,3.52566812612864,"1",3.38932494402543,"1",3.0682776717562,"1",3.0682776717562,"1",4.51711537993365,"1"
2024-10-24,3.52566979421809,"1",3.38935008175946,"1",3.06828919329816,"1",3.06828919329816,"1",4.51713254261037,"1"
2024-10-25,3.52567477186207,"1",3.38933374889005,"1",3.06828162749966,"1",3.06828162749966,"1",4.51712274340657,"1"
2024-10-28,3.52567171664413,"1",3.38933183473703,"1",3.06828005763725,"1",3.06828005763725,"1",4.51712009483203,"1"
2024-10-29,3.52567122612177,"1",3.38931280339055,"1",3.06826965855753,"1",3.06826965855753,"1",4.51710570433894,"1"
2024-10-30,3.52566734118112,"1",3.38930339439054,"1",3.06826341747491,"1",3.06826341747491,"1",4.51709669629391,"1"
2024-10-31,3.52566506168067,"1",3.3893041097128,"1",3.06826121029224,"1",3.06826121029224,"1",4.51709424924683,"1"
2024-11-01,3.52566453493574,"1",3.38932883513234,"1",3.06827079530005,"1",3.06827079530005,"1",4.51710897420593,"1"
2024-11-04,3.5256688493997,"1",3.389334971632,"1",3.06827301124314,"1",3.06827301124314,"1",4.51711352192872,"1"
2024-11-05,3.52566996454207,"1",3.38935030321328,"1",3.06827980033422,"1",3.06827980033422,"1",4.51712378842974,"1"
2024-11-06,3.52567307734656,"1",3.38934317288942,"1",3.06827678305567,"1",3.06827678305567,"1",4.51712000077507,"1"
2024-11-07,3.52567194200992,"1",3.38932470023304,"1",3.06826784314551,"1",3.06826784314551,"1",4.51710696427022,"1"
2024-11-08,3.52566835174843,"1",3.38931550915739,"1",3.06826219259057,"1",3.06826219259057,"1",4.51709863308681,"1"
2024-11-11,3.52566627592096,"1",3.38930186242728,"1",3.06825386518001,"1",3.06825386518001,"1",4.51708708828225,"1"
2024-11-12,3.52566303444784,"1",3.38928868797872,"1",3.06824458793326,"1",3.06824458793326,"1",4.51707448565351,"1"
2024-11-13,3.52565963592382,"1",3.38930719258828,"1",3.06825032538737,"1",3.06825032538737,"1",4.51708344604999,"1"
2024-11-14,3.52566246769497,"1",3.38930933358615,"1",3.06824932724432,"1",3.06824932724432,"1",4.5170836768408,"1"
2024-11-15,3.52566245486384,"1",3.38932198161398,"1",3.0682536641698,"1",3.0682536641698,"1",4.51709073642014,"1"
2024-11-18,3.52566464976445,"1",3.38932139150005,"1",3.0682523109241,"1",3.0682523109241,"1",4.51708983976692,"1"
2024-11-19,3.52566441704914,"1",3.38931234691659,"1",3.06824682127847,"1",3.06824682127847,"1",4.51708248516839,"1"
2024-11-20,3.52566254376102,"1",3.38930794751259,"1",3.06824313815552,"1",3.06824313815552,"1",4.51707753942366,"1"
2024-11-21,3.52566138377834,"1",3.38931459809521,"1",3.06824451338013,"1",3.06824451338013,"1",4.51708012741077,"1"
2024-11-22,3.5256623524964,"1",3.38930460719467,"1",3.06823816086642,"1",3.06823816086642,"1",4.51707202021892,"1"
2024-11-25,3.52566010968731,"1",3.3893127612095,"1",3.06824010206099,"1",3.06824010206099,"1",4.51707524027764,"1"
2024-11-26,3.52566134258577,"1",3.38931471165559,"1",3.06823953767496,"1",3.06823953767496,"1",4.51707545826061,"1"
2024-11-27,3.52566148731985,"1",3.38931869275199,"1",3.06824014204876,"1",3.06824014204876,"1",4.51707699890975,"1"
2024-11-28,3.5256621114484,"1",3.389306101098,"1",3.06823292848011,"1",3.06823292848011,"1",4.51706738727279,"1"
2024-11-29,3.52565949184498,"1",3.3893114290361,"1",3.06823367284876,"1",3.06823367284876,"1",4.51706872601667,"1"
2024-12-02,3.52566022245724,"1",3.38932198664079,"1",3.06823733910098,"1",3.06823733910098,"1",4.51707483679532,"1"
2024-12-03,3.52566204638508,"1",3.38932780663161,"1",3.06823933563296,"1",3.06823933563296,"1",4.51707851694499,"1"
2024-12-04,3.52566322122471,"1",3.38933431400169,"1",3.06824221984885,"1",3.06824221984885,"1",4.51708304214364,"1"
2024-12-05,3.5256647126682,"1",3.38932177825534,"1",3.06823602138266,"1",3.06823602138266,"1",4.51707460392054,"1"
2024-12-06,3.52566239361657,"1",3.3893272569183,"1",3.0682379407435,"1",3.0682379407435,"1",4.51707715554333,"1"
2024-12-09,3.52566349472626,"1",3.38931575322027,"1",3.06823188858357,"1",3.06823188858357,"1",4.51706900620747,"1"
2024-12-10,3.52566125895128,"1",3.38937013128471,"1",3.06825775889041,"1",3.06825775889041,"1",4.51710564831399,"1"
2024-12-11,3.52567240797931,"1",3.3893660391749,"1",3.06825815686574,"1",3.06825815686574,"1",4.5171076847091,"1"
2024-12-12,3.52567257134807,"1",3.38935662236655,"1",3.06825567416249,"1",3.06825567416249,"1",4.51710316770908,"1"
2024-12-13,3.52567154609357,"1",3.38934337116834,"1",3.06825063576595,"1",3.06825063576595,"1",4.51709506103487,"1"
2024-12-16,3.52566945206004,"1",3.38934366140887,"1",3.06825135052977,"1",3.06825135052977,"1",4.5170953095001,"1"
2024-12-17,3.52566983361375,"1",3.38933491099403,"1",3.06824778300948,"1",3.06824778300948,"1",4.5170899790812,"1"
2024-12-18,3.52566841364637,"1",3.38934353078632,"1",3.06825207509951,"1",3.06825207509951,"1",4.51709571665641,"1"
2024-12-19,3.52567032091259,"1",3.38935963800286,"1",3.06826072482096,"1",3.06826072482096,"1",4.5171081046598,"1"
2024-12-20,3.52567392165606,"1",3.38934880638306,"1",3.06825701452442,"1",3.06825701452442,"1",4.51710290771476,"1"
2024-12-23,3.52567236759712,"1",3.38935239500791,"1",3.06825962402405,"1",3.06825962402405,"1",4.51710584442409,"1"
2024-12-24,3.52567343191814,"1",3.38933734996411,"1",3.06825335676994,"1",3.06825335676994,"1",4.51709665002511,"1"
2024-12-27,3.52567078360357,"1",3.38933580415025,"1",3.06825266994319,"1",3.06825266994319,"1",4.51709501563963,"1"
2024-12-30,3.52567054851042,"1",3.38932069881585,"1",3.06824527916429,"1",3.06824527916429,"1",4.51708444294185,"1"
2024-12-31,3.52566744377184,"1",3.38932460841653,"1",3.06824620234061,"1",3.06824620234061,"1",4.51708550190996,"1"
2025-01-01,3.52566796618084,"1",3.38933673847691,"1",3.06825142688652,"1",3.06825142688652,"1",4.51709340152968,"1"
2025-01-02,3.52567024255839,"1",3.38933175464414,"1",3.06824904385447,"1",3.06824904385447,"1",4.51709051967655,"1"
2025-01-03,3.52566933794223,"1",3.38932766269074,"1",3.0682468267458,"1",3.0682468267458,"1",4.51708725511235,"1"
2025-01-06,3.52566851174871,"1",3.38931398881133,"1",3.06823961679295,"1",3.06823961679295,"1",4.51707705058355,"1"
2025-01-07,3.52566571714154,"1",3.38930170779985,"1",3.06823235556402,"1",3.06823235556402,"1",4.51706666224795,"1"
2025-01-08,3.5256628261339,"1",3.38934412914152,"1",3.06825158176156,"1",3.06825158176156,"1",4.51709407730906,"1"
2025-01-09,3.52567085336506,"1",3.38934558807915,"1",3.0682528999844,"1",3.0682528999844,"1",4.51709755238188,"1"
2025-01-10,3.52567143169333,"1",3.38934672037291,"1",3.06825417025152,"1",3.06825417025152,"1",4.5170991515094,"1"
2025-01-13,3.5256719660126,"1",3.38936263811699,"1",3.0682627811101,"1",3.0682627811101,"1",4.51711113503402,"1"
2025-01-14,3.52567553271901,"1",3.38938646905874,"1",3.06827646729938,"1",3.06827646729938,"1",4.51713047575338,"1"
2025-01-15,3.52568108275984,"1",3.38936050652155,"1",3.06826695917062,"1",3.06826695917062,"1",4.51711671466908,"1"
2025-01-16,3.52567685730141,"1",3.3893032975011,"1",3.06824027438749,"1",3.06824027438749,"1",4.51707711759849,"1"
2025-01-17,3.52566597555605,"1",3.38931663351313,"1",3.06824453070759,"1",3.06824453070759,"1",4.51708170412662,"1"
2025-01-20,3.52566791752373,"1",3.38930808047169,"1",3.06823897809162,"1",3.06823897809162,"1",4.51707491799382,"1"
2025-01-21,3.52566578625768,"1",3.38931788690975,"1",3.0682419444716,"1",3.0682419444716,"1",4.51707951891873,"1"
2025-01-22,3.52566717116368,"1",3.38932807257363,"1",3.068245753931,"1",3.068245753931,"1",4.51708583105293,"1"
2025-01-23,3.52566890831865,"1",3.38933570461312,"1",3.06824911457326,"1",3.06824911457326,"1",4.51709120216319,"1"
2025-01-24,3.52567039259462,"1",3.38933022270949,"1",3.06824637869552,"1",3.06824637869552,"1",4.51708768421935,"1"
2025-01-27,3.5256693229309,"1",3.38932599165676,"1",3.06824402366928,"1",3.06824402366928,"1",4.51708421814997,"1"
2025-01-28,3.52566844130963,"1",3.389328621379,"1",3.06824472384441,"1",3.06824472384441,"1",4.51708528918134,"1"
2025-01-29,3.52566881694955,"1",3.38932838894384,"1",3.06824414663222,"1",3.06824414663222,"1",4.51708477927281,"1"
2025-01-30,3.52566867282326,"1",3.38933057397028,"1",3.06824480470943,"1",3.06824480470943,"1",4.51708587959637,"1"
2025-01-31,3.52566902299616,"1",3.38932506470536,"1",3.06824177363133,"1",3.06824177363133,"1",4.51708181015778,"1"
2025-02-03,3.52566782206304,"1",3.38931764564068,"1",3.06823742545119,"1",3.06823742545119,"1",4.51707568537139,"1"
2025-02-04,3.5256662763466,"1",3.389335924978,"1",3.06824485044155,"1",3.06824485044155,"1",4.5170866183223,"1"
2025-02-05,3.52566954942637,"1",3.38933744801862,"1",3.06824571686018,"1",3.06824571686018,"1",4.51708856359108,"1"
2025-02-06,3.52566995182436,"1",3.38933149286931,"1",3.06824297154289,"1",3.06824297154289,"1",4.51708467059757,"1"
2025-02-07,3.52566888258086,"1",3.38933463812475,"1",3.06824433072386,"1",3.06824433072386,"1",4.51708643949776,"1"
2025-02-10,3.52566950043183,"1",3.38933712401139,"1",3.06824557153089,"1",3.06824557153089,"1",4.51708833889332,"1"
2025-02-11,3.52567005835146,"1",3.38934518059391,"1",3.06824977030156,"1",3.06824977030156,"1",4.51709432166978,"1"
2025-02-12,3.52567183801488,"1",3.3893372866059,"1",3.06824653149185,"1",3.06824653149185,"1",4.51708983167375,"1"
2025-02-13,3.52567047924379,"1",3.38936137936065,"1",3.06825860474594,"1",3.06825860474594,"1",4.51710655523169,"1"
2025-02-14,3.52567545287361,"1",3.38935835999065,"1",3.06825888162031,"1",3.06825888162031,"1",4.51710727613325,"1"
2025-02-17,3.52567543094689,"1",3.3893394192062,"1",3.06825092210298,"1",3.06825092210298,"1",4.51709531491011,"1"
2025-02-18,3.52567207448729,"1",3.38933238923895,"1",3.06824780008585,"1",3.06824780008585,"1",4.51708992902941,"1"
2025-02-19,3.52567076080499,"1",3.38933783651455,"1",3.06825029315212,"1",3.06825029315212,"1",4.51709325030357,"1"
2025-02-20,3.52567180499907,"1",3.38932848937351,"1",3.0682458007262,"1",3.0682458007262,"1",4.51708706431522,"1"
2025-02-21,3.52566994324726,"1",3.3893216602842,"1",3.06824201602878,"1",3.06824201602878,"1",4.51708145354451,"1"
2025-02-24,3.52566859885223,"1",3.3893078218138,"1",3.06823512355651,"1",3.06823512355651,"1",4.5170713872575,"1"
2025-02-25,3.52566642910402,"1",3.38934136192191,"1",3.06824693079813,"1",3.06824693079813,"1",4.51708989374642,"1"
2025-02-26,3.52567171041357,"1",3.38933843868641,"1",3.06824586638525,"1",3.06824586638525,"1",4.5170894464842,"1"
2025-02-27,3.52567128243612,"1",3.38934120469045,"1",3.06824743728592,"1",3.06824743728592,"1",4.51709147647725,"1"
2025-02-28,3.52567190011084,"1",3.38934197213008,"1",3.06824826363596,"1",3.06824826363596,"1",4.51709258087546,"1"
2025-03-03,3.52567221355065,"1",3.38935391655074,"1",3.06825544927549,"1",3.06825544927549,"1",4.51710223456877,"1"
2025-03-04,3.52567564043537,"1",3.38936468941348,"1",3.06826323730311,"1",3.06826323730311,"1",4.51711291282386,"1"
2025-03-05,3.52567854540957,"1",3.38933900886681,"1",3.06825297351625,"1",3.06825297351625,"1",4.51709788365548,"1"
2025-03-06,3.52567359381,"1",3.3893344973377,"1",3.06825066352493,"1",3.06825066352493,"1",4.51709347994597,"1"
2025-03-07,3.52567263989374,"1",3.38933315177443,"1",3.06825001240977,"1",3.06825001240977,"1",4.51709232529594,"1"
2025-03-10,3.52567231720895,"1",3.38934098481614,"1",3.06825370737211,"1",3.06825370737211,"1",4.51709757360372,"1"
2025-03-11,3.52567372552982,"1",3.38934487755647,"1",3.06825588512387,"1",3.06825588512387,"1",4.51710087279465,"1"
2025-03-12,3.52567455391872,"1",3.38933411797805,"1",3.06825104499907,"1",3.06825104499907,"1",4.51709397596312,"1"
